Type,Page,Content
Page,1,"2025학년도
건국대학교 수시모집요강
서울캠퍼스 ✽ 글로컬캠퍼스"
Page,2,"KU•SEOUL•CAMPUS
새로운 100년을 위해
THE NEW
KONKUK
2 건국대학교 서울캠퍼스"
Page,3,"KU•SEOUL•CAMPUS
청춘! 미래를 향한 첫걸음. 건국이 함께합니다.
건국대학교는 앞으로의 100년을 짊어지고 활약한 창조적 혁신 인재들을 양성하고 있습니다.
창조적인 교육 프로그램과 앞선 인프라로 미래 인재로 성장하는 건국인들과 함께 나아가겠습니다.
건국! 세계를 무대로 활약할 대한민국 청춘들과 함께합니다.
PIONEER 04
2025학년도 서울캠퍼스 수시모집요강
SEOUL CAMPUS
INNOVATION 82
글로컬캠퍼스만의 차별화된 학사 안내
GLOCAL CAMPUS 84
2025학년도 글로컬캠퍼스 수시모집요강
2025학년도 수시모집요강 3"
Page,4,"KU•SEOUL•CAMPUS
2025학년도 서울캠퍼스 수시모집요강
CONTENTS
Ⅰ. 전형 요약 및 주요 변경 사항 05
Ⅱ. 모집단위별 모집인원 13
Ⅲ. 전형별 모집인원 16
Ⅳ. 원서접수 및 전형일정, 합격자 발표 및 등록 안내 19
Ⅴ. 세부 전형별 안내 23
23
학생부교과(KU지역균형)
26
학생부종합(KU자기추천)
30
학생부종합(사회통합)
36
학생부종합(특성화고교졸업자)
40
학생부종합(특성화고졸재직자)
43
학생부종합(특수교육대상자)
47
논술(KU논술우수자)
51
실기/실적(KU연기우수자)
54
실기/실적(KU체육특기자)
Ⅴ-1. 제출서류 안내 58
Ⅵ. 학생부위주전형 안내 60
Ⅶ. 학생부(교과정량) 반영방법 65
Ⅷ. 지원자 유의사항 67
Ⅸ. 전형료 69
Ⅹ. 학 교생활 안내: 장 학, 학사, 진로/취업,
국제교류 프로그램, 기숙사 71
[부록] 제출서류 서식 78
QR코드를
스캔하라KU!
QR코드를 스캔하고 더 자세한 입학 정보를 확인하세요!
4 건국대학교 서울캠퍼스"
Page,5,"KU•SEOUL•CAMPUS
Ⅰ. 전형 요약 및 주요 변경 사항
1. 전형 요약
■ 전형별 전형방법 및 모집인원
전형방법
전형명 정원 구분 계열 모집인원
(반영요소 및 반영비율)
학생부교과 KU지역균형 내 공통 ·학생부(교과정량) 70% + 학생부(교과정성) 30% 470
KU자기추천 내 공통 813
·1단계: 서류 100%(3배수)
·2단계: 1단계 성적 70% + 면접 30%
특수교육대상자 외 공통 20
학생부종합 사회통합 내 공통 87
특성화고교졸업자 외 공통 ·서류 70% + 학생부(교과정량) 30% 22
특성화고졸재직자 외 공통 130
논술 KU논술우수자 내 공통 ·논술 100%(수능최저학력기준 적용) 395
·1단계: 학생부(교과정량) 100%(25배수)
KU연기우수자 내 예체능 25
·2단계: 실기 100%
실기/실적
·1단계: 경기실적 100%(6배수)
KU체육특기자 내 예체능 ·2단계: 1 단계 성적 50% + 학생부(교과정량) 15% + 13
학생부(출결정량) 5% + 면접 30%
총계 1,975
2025학년도 수시모집요강 5"
Page,6,"KU•SEOUL•CAMPUS
■ 전형별 지원자격 요약
학생부
학생부종합 논술 실기/실적
교과
구분
KU KU 특성화 특성화 특수 KU KU KU
사회
지역 자기 고교 고졸 교육 논술 연기 체육
통합
균형 추천 졸업자 재직자 대상자 우수자 우수자 특기자
일반고 O O O X X O O O O
자율고 O O O X X O O O O
국내 1) 2)
특수목적고 △ O O X △ O O O O
고교
3)
영재학교 X O △ X X O O X X
4)
특성화고 X O △ O O O O O O
고등학교 졸업과 4)
X O △ X X O O O O
동등 이상 학력자
「 」
※ 자세한 지원자격은 P.23 Ⅴ. 세부 전형별 안내 참고
1) 과학고, 외국어고, 국제고 가능
2) 산업수요맞춤형고(마이스터고) 가능
3) 기초생활및차상위 가능
4) 국가보훈대상자, 기초생활및차상위 가능
■ 학생부위주전형 평가방법 및 제출서류 요약
평가방법 제출서류
전형명
학생부 학생부 학교생활
서류 면접 입학원서 기타
(교과정성) (교과정량) 기록부
학교장
학생부교과 KU지역균형 X O O X O O
추천명단
KU자기추천 O X X O O O X
사회통합 O X O X O O
학생부종합 특성화고교졸업자 O X O X O O
지원자격
서류
특성화고졸재직자 O X O X O O
특수교육대상자 O X X O O O
「 」
※ 자세한 안내는 P.23 Ⅴ. 세부 전형별 안내 참조
6 건국대학교 서울캠퍼스"
Page,7,"KU•SEOUL•CAMPUS
■ 전형별 전형요소 및 반영비율 요약
단계별 전형 일괄합산 전형
학생부
학생부종합 실기/실적 학생부종합 논술
교과
구분
KU 특수 KU KU KU 특성화 특성화 KU
사회
자기 교육 연기 체육 지역 고교 고졸 논술
통합
추천 대상자 우수자 특기자 균형 졸업자 재직자 우수자
학생부 100%
- - - 70% 30% -
(교과정량) (25배수)
학생부
- - - - 30% - -
(교과정성)
1단계 100% 100%
서류 - - - 70% -
(3배수) (3배수)
논술 - - - - - - 100%
100%
경기실적 - - - - - -
(6배수)
1단계 성적 70% 70% - 50%
면접 30% 30% - 30%
실기 - - 100% -
2단계
학생부
- - - 15%
(교과정량)
학생부
- - - 5%
(출결정량)
2025학년도 수시모집요강 7"
Page,8,"KU•SEOUL•CAMPUS
2. 주요 변경 사항
■ 무전공 및 단과대 자유전공학부 신설
구분 모집단위 모집인원(정원내) 합계
무전공 KU자유전공학부 308 308
문과대학자유전공학부 49
이과대학자유전공학부 24
공과대학자유전공학부 195
단과대
422
자유전공학부
사회과학대학융합전공학부 75
융합과학기술원자유전공학부 33
생명과학대학자유전공학부 46
※ KU자유전공학부(무전공) 선택 불가 모집단위
• 수의과대학, 예술디자인대학, 사범대학의 전체 모집단위
• 공과대학: 신산업융합학과, K뷰티산업융합학과(특성화고졸재직자전형으로만 선발)
※ 단과대 자유전공학부 선택 불가 모집단위
• 문과대학자유전공학부: 미디어커뮤니케이션학과, 문화콘텐츠학과
• 사회과학대학융합전공학부: 경제학과
• 생명과학대학자유전공학부: 식량자원과학과
• 공과대학: 신산업융합학과, K뷰티산업융합학과(특성화고졸재직자전형으로만 선발)
8 건국대학교 서울캠퍼스"
Page,9,"KU•SEOUL•CAMPUS
■ 학사구조 개편에 따른 학과 변경
2024학년도 [구조개편 전] 2025학년도 [구조개편 후]
모집인원 모집인원
단과대학 모집단위 모집단위 단과대학
(정원내) (정원내)
KU융합과학기술원 미래에너지공학과 40
화공학부 62
화학공학부 160
재료공학과 55
공과대학
기계·로봇·자동차공학부 70
기계항공공학부 151
항공우주·모빌리티공학과 45 공과대학
스마트운행체공학과 40
KU융합과학기술원
화장품공학과 40
생물공학과 42
생물공학과 30
공과대학
컴퓨터공학부 143
컴퓨터공학부 100
스마트ICT융합공학과 40
KU융합과학기술원 줄기세포재생공학과 43
첨단바이오공학부 45 융합과학기술원
의생명공학과 40
동물자원과학과 49
축산식품생명공학과 46 동물자원·식품과학·유통학부 95
상허생명과학대학 식품유통공학과 30 생명과학대학
환경보건과학과 34
환경보건·산림조경학부 52
산림조경학과 34
융합인재학과 38 (폐지)
사회과학대학
글로벌비즈니스학과 28 (폐지)
2025학년도 수시모집요강 9"
Page,10,"KU•SEOUL•CAMPUS
■ 학교폭력 조치사항 반영
• 모든 전형에 학교폭력 조치사항 감점표 적용
전형 2024학년도 2025학년도
[KU체육특기자] 학교폭력 조치사항을 면접에서
실기/실적위주
정성평가로 반영
학교폭력 조치사항 기재항목에 따른 감점표로
학생부종합 서류평가 및 면접평가에서 정성평가로 반영
총점에서 감점
학생부교과
-
논술위주
※ 학 교폭력 조치사항 확인을 위하여 최종 학력이 ‘검정고시 또는 국외고 출신’인 지원자 중 국내 고교 학교생활기록부가 있는 자는 국내 고교
학교생활기록부를 제출해야 함
• 학교폭력 감점표: 전형별 총점 1,000점에서 감점
「 」
학교폭력예방 및 대책에 관한 법률 제17조 제1항 감점비율
제1호 (피해학생에 대한 서면사과) 감점 없음
제2호 (피해학생 신고·고발 학생에 대한 접촉, 협박 및 보복행위의 금지) 20점(2%)
제3호 (학교에서의 봉사) 30점(3%)
제4호 (사회봉사) 200점(20%)
제5호 (학내외 전문가에 의한 특별교육 이수 또는 심리치료) 300점(30%)
제6호 (출석정지)
제7호 (학급교체)
500점(50%)
제8호 (전학)
제9호 (퇴학처분)
■ 학생부종합(기초생활및차상위) 전형방법 변경
구분 2024학년도 2025학년도
모집시기 수시 정시
전형유형 학생부종합 수능위주
전형방법 서류평가 70% + 학생부(교과) 30% 수능 100%
■ 논술(KU논술우수자) 수능최저학력기준 반영과목 변경
구분 2024학년도 2025학년도 공통
인문 국, 수, 영, 사/과탐(1과목) 중 2개 등급 합 5
자연 국, 수, 영, 과탐(1과목) 중 2개 등급 합 5 국, 수, 영, 사/과탐(1과목)* 중 2개 등급 합 5
한국사 5등급
KU자유전공학부 -
수의예과 국, 수, 영, 과탐(1과목) 중 3개 등급 합 4 국, 수, 영, 사/과탐(1과목)* 중 3개 등급 합 4
[인문] 선택과목 제한없음
[인문·자연·수의예과·KU자유전공학부]
[자연·수의예과]
비고 선택과목 지정 폐지 -
·수학: 미적분 또는 기하 중 택1
*사/과탐: 2 과목을 응시하여 그중 높은 과목 반영
·탐구: 과학과목 중 2과목 응시
10 건국대학교 서울캠퍼스"
Page,11,"KU•SEOUL•CAMPUS
■ 학생부교과(KU지역균형) 지원자격 일부 변경
구분 2024학년도 2025학년도
·국 내 고등학교 졸업(예정)자로서 5학기 이상의 교육과정을 ·국 내 고등학교에서 5학기 이상의 교육과정을 이수한
이수하고, 고등학교장의 추천을 받은 자 졸업(예정)자로서, 고등학교장의 추천을 받은 자
※ 지원 불가 ※ 지원 불가
- 특 성화고, 마이스터고, 전문계과정(일반고, 종합고), - 특 성화고, 산업수요맞춤형고, 전문계과정(일반고,
지원자격
영재학교, 예술고, 체육고, 학력인정 평생교육시설, 종합고), 영재학교, 예술고, 체육고, 학력인정
비인가 대안학교, 방송통신고, 고등기술학교 평생교육시설, 비인가 대안학교, 방송통신고,
졸업(예정)자 고등기술학교, 각종학교<추가> 졸업(예정)자
- 학 생부 교과목별 석차등급을 산출할 수 없는 자 - 학 생부 교과목별 석차등급을 산출할 수 없는 자
■ 학생부종합(사회통합) 지원자격 변경
2024학년도 2025학년도
「 」
1. 국가보훈 기본법 제3조 제2호에 따른 ‘국가보훈대상자’로서 1. 국가보훈대상자(좌동)
국가보훈관계 법령에 따른 교육지원 대상자
2. 농어촌학생
「 」
고등교육법 시행령 제29조 제2항 제14호 ‘가’목에 해당하는 자 중
※ 근거법령
「 」
[지원자격 1] 또는 [지원자격 2]에 해당하는 자
가. 독립유공자예우에 관한 법률 제15조
「 」
나. 국가유공자 등 예우 및 지원에 관한 법률 제22조
「 」 ·[지원자격 1]: 중 학교 입학일부터 고등학교 졸업일까지 농어촌
다. 5·18민주유공자예우에 관한 법률 제12조
「 」 소재지의 중·고등학교 전 교육과정을 연속하여
라. 고엽제후유의증 등 환자지원 및 단체설립에 관한 법률
이수하고, 해당기간 동안 본인 및 부·모 모두
제7조의 5
「 」 농어촌 소재지에 거주한 자
마. 특수임무유공자 예우 및 단체설립에 관한 법률 제11조
「 」 ·[지원자격 2]: 초 등학교 입학일부터 고등학교 졸업일까지 농어촌
바. 보훈보상대상자 지원에 관한 법률 제25조
소재지의 초·중·고등학교 전 교육과정을 연속하여
「 」 이수하고, 해당기간 동안 본인이 농어촌 소재지에
2. 의사상자 등 예우 및 지원에 관한 법률 제2조 제2호~제3호에
거주한 자
해당하는 자 및 자녀
- 특수목적고(과학고, 산업수요맞춤형고, 외국어고, 국제고,
3. 직 업군인, 소방공무원, 경찰공무원으로 15년 이상 근무한 자(퇴직자 예술고, 체육고), 특성화고<추가>, 학력인정 평생교육시설,
포함)의 자녀 비인가 대안학교, 방송통신고, 고등기술학교, 각종학교<추가>
졸업(예정)자 지원 불가
4. 다자녀(4자녀 이상)가정의 자녀
- 지원자격 해당기간의 연속된 연수만을 인정함
「 」
5. 다문화가족의 자녀: 결혼 이전에 국적이 외국 국적이었던 친모 - ‘ 농어촌 소재지’란 지방자치법 제3조에 따른 읍·면 지역 및
「 」
(친부)와 결혼 이전에 국적이 대한민국인 친부(친모) 사이에 출생한 자 도서·벽지 교육진흥법시행규칙 제2조에 따른 도서·벽지
6. 아 동복지시설 출신자: 고등학교 입학부터 원서접수 마감일까지 지역을 의미함
「 」
아동복지법 제52조 제①항 1호~5호의 아동복지시설 또는 - 고 교 졸업예정자가 최종 합격할 경우 재학 고등학교의 졸업일
「 」
청소년복지 지원법 제31조의 청소년 복지시설에 수용된 자 까지 지원자격(농어촌 지역 거주 및 농어촌 지역 고교 재학)을
유지해야 하며, 자격을 유지하지 않을 경우 불합격 또는 입학이
7. 조 손가정의 손자녀: (외)할아버지, (외)할머니, 손자, 손녀로 구성된
취소될 수 있음
가족으로서 부모가 사망하거나 생사가 분명하지 않은 손자녀
(단, 부모 모두의 주민등록이 말소되지 않은 경우 지원할 수 없음)
3. 기초생활및차상위
「 」 「 」
8. 장 애인부모 자녀: 부모 중 1인 이상이 장애인복지법 제32조에 고등교육법 시행령 제29조 제2항 제14호 ‘라’목에 해당하는 자
의하여 중증 장애인 등록을 필한 자의 자녀 「 」
1. 국민기초생활 보장법 제2조 제1호에 따른 수급권자 및
제2조 제2호에 따른 수급자
「 」
2. 국민기초생활 보장법 제2조 제10호에 따른 차상위계층
「 」
3. 한부모가족지원법 제5조 및 제5조의2에 따른 지원대상자
2025학년도 수시모집요강 11"
Page,12,"KU•SEOUL•CAMPUS
■ 실기/실적(KU체육특기자) 육상 및 테니스 지원자격 일부 변경
종목 2024학년도 2025학년도
·고 교 재학 중 ITF(국제테니스연맹)에서 인정하는 ·고교 재학 중 다음의 실적을 모두 갖춘 자
국제대회 또는 전국 규모의 대회에서 4강 이내의 - 고 교 재학 중 ITF(국제테니스연맹)에서 인정하는
입상실적이 있는 자 국제대회 또는 전국 규모의 대회에서 4강 이내의
입상실적이 있는 자
테니스
- 고 교 재학 중 전국 규모의 국내대회(대학, 실업), 국제대회의
단체전, 개인전에 3년 이내 25개 대회 이상 출전한 자
※ 전 대회 출전기록 및 수상 성적을 포함한 경기실적증명서
제출 <신설>
·고교 재학 중 다음 중 하나 이상의 실적이 있는 자 ·고교 재학 중 다음 중 하나 이상의 실적이 있는 자
- 고 교 재학 중 전국 규모 대회 1,500m, 5,000m, - 고 교 재학 중 전국 규모 대회 1,500m, 5,000m,
10,000m, 3,000m장애물, 10km 종목에서 4위 이내의 10,000m, 3,000m장애물, 10km 종목에서
입상실적이 있는 자 3위<변경> 이내의 입상실적이 있는 자
육상 - 고 교 재학 중 전국 규모 구간 마라톤 대회에서 개인구간 - 고 교 재학 중 전국 규모 구간 마라톤 대회에서 개인구간
3위 이내의 입상실적이 있는 자(단체 성적 제외) 3위 이내의 입상실적이 있는 자(단체 성적 제외)
- 고 교 재학 중 국가대표(올림픽, 세계선수권, 아시안게임), 국가 - 고 교 재학 중 국가대표(올림픽, 세계선수권, 아시안게임),
상비군에(1,500m, 5,000m, 3,000m장애물, 10,000m, 국가대표 후보선수로 (1,500m, 5,000m, 10,000m, 3,000m
10km) 선발된 자(경보종목 제외) 장애물, 10km) 선발된 자 (경보종목 제외)
■ 정원내 학생부종합(특성화고졸재직자) 모집시기 변경
구분 2024학년도 2025학년도
정원내 6명 수시 정원내 2명 정시 다군
모집시기
정원외 130명 수시 정원외 130명 수시
전형유형 학생부종합
전형방법 서류 70% + 학생부(교과정량) 30%
12 건국대학교 서울캠퍼스"
Page,13,"KU•SEOUL•CAMPUS
Ⅱ. 모집단위별 모집인원
■ 모집단위별 모집인원
모집인원
단과대학 모집단위 계열 학과 및 전공
(정원내)
국어국문학과 인문 31 국어국문학과
영어영문학과 인문 45 영어영문학과
중어중문학과 인문 29 중어중문학과
철학과 인문 25 철학과
문과대학 사학과 인문 25 사학과
지리학과 인문 25 지리학과
미디어커뮤니케이션학과 인문 31 미디어커뮤니케이션학과
문화콘텐츠학과 인문 27 문화콘텐츠학과
문과대학자유전공학부 인문 49 문과대학자유전공학부
수학과 자연 25 수학과
물리학과 자연 42 물리학과
이과대학
화학과 자연 25 화학과
이과대학자유전공학부 자연 24 이과대학자유전공학부
건축학전공
건축대학 건축학부 자연 77 건축학부
건축공학전공
스마트시티전공
사회환경공학부 자연 101 사회환경공학부 지속가능인프라전공
기후·에너지환경전공
첨단융합기계전공
기계·로봇·자동차공학부 자연 72 기계·로봇·자동차공학부 로봇전공
미래자동차전공
통신및네트워크전공
디지털신호처리제어전공
전기전자공학부 자연 122 전기전자공학부 RF/집적회로및반도체전공
공과대학 에너지AI전공
e-모빌리티전공
에코화공생명전공
화공학부 자연 63 화공학부 미래에너지전공
첨단화공소재전공
인공지능전공
실감미디어전공
컴퓨터공학부 자연 102 컴퓨터공학부 스마트ICT융합전공
시스템소프트웨어전공
풀스택개발전공
2025학년도 수시모집요강 13"
Page,14,"KU•SEOUL•CAMPUS
모집인원
단과대학 모집단위 계열 학과 및 전공
(정원내)
반도체·에너지재료전공
재료공학과 자연 55 재료공학과
친환경·고분자재료전공
항공우주공학전공
항공우주·모빌리티공학과 자연 47 항공우주·모빌리티공학과
스마트운행체공학전공
첨단융합
공학부 바이오프로세스전공
생물공학과 자연 43 생물공학과 바이오머티어리얼스전공
화장품공학전공
공과대학
스마트팩토리전공
산업공학과 자연 31 산업공학과
비즈니스애널리틱스전공
신산업융합전공
신산업융합학과 인문 1 신산업융합학과
산업경영 벤처창업융합전공
융합학부
K뷰티산업융합학과 예체능 1 K뷰티산업융합학과
공과대학자유전공학부 자연 195 공과대학자유전공학부
정치외교학과 인문 30 정치외교학과
경제학과 인문 72 경제학과
행정학과 인문 52 행정학과
사회과학대학
국제무역학과 인문 60 국제무역학과
응용통계학과 인문 40 응용통계학과
사회과학대학융합전공학부 인문 75 사회과학대학융합전공학부
경영학과 인문 147 경영학과
경영대학
기술경영학과 인문 35 기술경영학과
부동산과학원 부동산학과 인문 38 부동산학과
줄기세포재생공학전공
첨단바이오공학부 자연 47 첨단바이오공학부 의생명공학전공
첨단바이오산업전공
융합과학기술원
시스템생명공학과 자연 27 시스템생명공학과
생명공학부
융합생명공학과 자연 27 융합생명공학과
융합과학기술원자유전공학부 자연 33 융합과학기술원자유전공학부
동물자원전공
동물자원·식품과학·유통학부 자연 96 동물자원·식품과학·유통학부 식품과학전공
식품유통전공
환경보건전공
환경보건·산림조경학부 자연 52 환경보건·산림조경학부
생명과학대학 산림조경전공
생명과학특성학과 자연 32 생명과학특성학과
식량자원과학과 자연 31 식량자원과학과
생명과학대학자유전공학부 자연 46 생명과학대학자유전공학부
14 건국대학교 서울캠퍼스"
Page,15,"KU•SEOUL•CAMPUS
모집인원
단과대학 모집단위 계열 학과 및 전공
(정원내)
수의과대학 수의예과 자연 69 수의예(학)과
커뮤니케이션디자인학과 예체능 39 커뮤니케이션디자인학과
산업디자인학과 예체능 34 산업디자인학과
의상디자인학과-인문계 인문 17
의상디자인학과
의상디자인학과-예체능계 예체능 17
예술디자인대학
리빙디자인학과 예체능 45 리빙디자인학과
현대미술학과 예체능 32 현대미술학과
영상학과 예체능 35 영상학과
매체연기학과 예체능 25 매체연기학과
일어교육과 인문 22 일어교육과
수학교육과 자연 25 수학교육과
체육교육과 예체능 38 체육교육과
사범대학
음악교육과 예체능 20 음악교육과
교육공학과 인문 25 교육공학과
영어교육과 인문 20 영어교육과
KU자유전공학부 KU자유전공학부 - 308 KU자유전공학부
합계 ※ 2023학년도 이월 인원 24명 포함 3,024
※ 2025학년도 대학 편제 개편 등에 따라 단과대학 및 모집단위, 세부 전공, 모집인원 등이 변경될 수 있음
2025학년도 수시모집요강 15"
Page,16,"KU•SEOUL•CAMPUS
Ⅲ. 전형별 모집인원
■ 전형별 모집인원(정원내외)
수시모집
학생부
학생부종합 논술 실기/실적
교과
KU KU 사 특 특 특 KU KU KU
지 자 회 성 성 수 논 연 체
수시모집
단과대학 모집단위 계열 역 기 통 화 화 교 술 기 육
인원
균 추 합 고 고 육 우 우 특
형 천 교 졸 대 수 수 기
졸 재 상 자 자 자
업 직 자
자 자
★ ★
국어국문학과 인문 25 3 15 2 5
영어영문학과 인문 39 5 29 2 3
중어중문학과 인문 24 4 13 2 5
철학과 인문 22 3 15 1 3
8
문과대학 사학과 인문 21 3 14 1 3
지리학과 인문 22 3 15 1 3
미디어커뮤니케이션학과 인문 26 6 13 1 6
문화콘텐츠학과 인문 21 4 13 1 3
문과대학자유전공학부 인문 49 35 14
수학과 자연 17 3 5 1 8
물리학과 자연 30 4 13 2 11
이과대학
화학과 자연 16 3 8 1 4
이과대학자유전공학부 자연 24 13 11
건축대학 건축학부 자연 39 8 19 3 1 8
사회환경공학부 자연 60 10 35 4 1 10
기계·로봇·자동차공학부 자연 35 16 7 4 1 7
전기전자공학부 자연 58 11 31 4 1 11
화공학부 자연 33 6 16 4 1 6
컴퓨터공학부 자연 55 10 31 4 2 8
재료공학과 자연 30 5 15 4 1 5
공과대학
항공우주·모빌리티공학과 자연 23 5 9 3 1 5
생물공학과 자연 27 4 13 2 1 7
산업공학과 자연 15 3 7 2 3
신산업융합학과 인문 100 100
K뷰티산업융합학과 예체능 30 30
공과대학자유전공학부 자연 135 100 35
16 건국대학교 서울캠퍼스"
Page,17,"KU•SEOUL•CAMPUS
수시모집
학생부
학생부종합 논술 실기/실적
교과
KU KU 사 특 특 특 KU KU KU
지 자 회 성 성 수 논 연 체
수시모집
단과대학 모집단위 계열 역 기 통 화 화 교 술 기 육
인원
균 추 합 고 고 육 우 우 특
형 천 교 졸 대 수 수 기
졸 재 상 자 자 자
업 직 자
자 자
★ ★
정치외교학과 인문 18 3 9 1 1 4
경제학과 인문 41 7 22 3 1 8
행정학과 인문 28 5 14 2 1 8 6
사회과학대학
국제무역학과 인문 29 4 14 3 1 7
응용통계학과 인문 23 4 12 2 1 4
사회과학대학융합전공학부 인문 75 50 25
경영학과 인문 83 15 47 4 1 16
경영대학
기술경영학과 인문 21 4 10 2 1 4 4
부동산과학원 부동산학과 인문 25 4 13 2 1 5
첨단바이오공학부 자연 27 5 14 3 5
시스템생명공학과 자연 15 3 8 1 3
융합과학기술원
융합생명공학과 자연 15 3 8 1 3
융합과학기술원자유전공학부 자연 33 25 8
동물자원·식품과학·유통학부 자연 55 9 30 4 2 10
환경보건·산림조경학부 자연 30 5 18 3 1 3
생명과학대학 생명과학특성학과 자연 20 3 11 2 4
식량자원과학과 자연 19 3 10 2 1 3
생명과학대학자유전공학부 자연 46 34 12
수의과대학 수의예과 자연 30 5 16 3 6
커뮤니케이션디자인학과 예체능
산업디자인학과 예체능
의상디자인학과-인문계 인문
의상디자인학과-예체능계 예체능
예술디자인대학
리빙디자인학과 예체능
현대미술학과 예체능
영상학과 예체능
매체연기학과 예체능 25 25
2025학년도 수시모집요강 17"
Page,18,"KU•SEOUL•CAMPUS
수시모집
학생부
학생부종합 논술 실기/실적
교과
KU KU 사 특 특 특 KU KU KU
지 자 회 성 성 수 논 연 체
수시모집
단과대학 모집단위 계열 역 기 통 화 화 교 술 기 육
인원
균 추 합 고 고 육 우 우 특
형 천 교 졸 대 수 수 기
졸 재 상 자 자 자
업 직 자
자 자
★ ★
일어교육과 인문 19 3 16
수학교육과 자연 17 5 6 6
체육교육과 예체능 13 13
사범대학
음악교육과 예체능
교육공학과 인문 12 12
영어교육과 인문 12 4 8
KU자유전공학부 KU자유전공학부 - 248 179 69
합계 1,955* 470 813 87 22 130 20 395 25 13
※ 참고사항
1. 단과대별 자유전공학부 선택 불가 모집단위
가. 문과대학자유전공학부: 미디어커뮤니케이션학과, 문화콘텐츠학과
나. 사회과학대학융합전공학부: 경제학과
다. 생명과학대학자유전공학부: 식량자원과학과
라. 공과대학: 신산업융합학과, K뷰티산업융합학과(특성화고졸재직자 전형으로만 선발)
2. KU자유전공학부(무전공) 선택 불가 모집단위
가. 수의과대학, 예술디자인대학, 사범대학의 전체 모집단위
나. 공과대학: 신산업융합학과, K뷰티산업융합학과(특성화고졸재직자 전형으로만 선발)
3. 정원외 모집전형: 학생부종합(특성화고교졸업자, 특성화고졸재직자, 특수교육대상자)
4. ‘★’ 표시된 전형의 수시모집(정원외) 미충원 인원은 정시모집으로 이월하여 선발
5. 수시모집(정원내) 미충원 인원은 정시모집 수능(KU일반학생)으로 이월하여 선발
가. 이 과대학자유전공학부, 사회과학대학융합전공학부, 융합과학기술원자유전공학부, 생명과학대학자유전공학부의 미충원 인원은
수능(KU일반학생) 나군으로 선발
나. 문과대학자유전공학부, 예술디자인대학 매체연기학과 미충원 인원은 수능(KU일반학생) 가군으로 선발
6. 기회균형 특별전형은 학생부종합(사회통합, 특성화고교졸업자, 특성화고졸재직자, 특수교육대상자)가 해당
7. *단과대학으로 모집하는 정원외 모집인원인 학생부종합(특수교육대상자) 20명 미포함
18 건국대학교 서울캠퍼스"
Page,19,"KU•SEOUL•CAMPUS
Ⅳ. 원서접수 및 전형일정, 합격자 발표 및 등록 안내
1. 원서접수 대행기관 및 문의처: 진학어플라이(www.jinhakapply.com)
2. 입학원서 접수절차
(원서접수 기간: 2024. 9. 9.(월) 10:00 ~ 9. 12.(목) 17:00)
원서접수 사이트 접속 ·본교 입학처 홈페이지 접속 → 입학원서 접수 대행기관
회원가입 및 로그인 ·반드시 지원자 본인 명의로 회원가입(보호자 등 타인 아이디로 원서접수 불가)
유의사항 확인 및 동의 ·인터넷 원서접수 유의사항을 반드시 읽고 접수 관련 동의서 확인 후 진행
·개 인 인적사항, 연락처, 지원하는 전형유형, 모집단위 등을 정확히 기입해야 하며,
누락/오기에 대한 책임은 지원자 본인에게 있음
지원자 정보 입력
·사진은 최근 6개월 이내 촬영한 증명사진 파일(jpg, jpeg, png, bmp, gif 파일 형식)을 업로드
·전형과정에서 연락이 필요할 때 언제든 연락이 가능하도록 연락처를 빠짐없이 기재해야 함
·제출기한: 2024. 9. 9.(월) 10:00 ~ 9. 13.(금) 17:00
·제출방법: 온라인 원서접수 사이트에 PDF 파일 업로드
※ 우편 및 방문 제출 불가
※ 이미지(jpg, jpeg, png, bmp, gif) 파일은 불가하며, 반드시 PDF 파일로 업로드하여야 함
서류제출
※ 최 종 등록한 자는 원서접수 시 제출한 PDF 서류의 원본을 본교에 우편으로 제출해야 하며,
(PDF 업로드)
원서접수 시 제출한 서류와 원본이 다를 경우 입학이 취소될 수 있음
·업 로드한 파일이 오류로 인해 열리지 않거나, 내용이 육안으로 식별이 불가능할 경우 재업로드(제출)를
요구할 수 있으며, 안내되는 기한 내에 업로드(제출)하여야 함
·수시모집 내 복수의 전형에 지원하는 경우 각 전형별로 서류를 제출해야 함
·전형료 납부 전 반드시 최종 작성 내용과 업로드한 서류를 확인해야 함
원서 입력사항 확인
·전형료 납부 후(수험번호 부여 후) 전형유형 및 모집단위 등 기재사항 수정 불가
·무통장 입금, 신용카드 결제 등을 통하여 전형료 납부
전형료 결제
·전형료 납부 후(수험번호 부여 후) 원서접수 취소 및 환불 불가
접수확인증/수험표 출력 ·접수확인증은 본인 보관용이며 논술고사, 실기고사 및 면접에는 수험표 사용
※ 인 터넷 원서접수에는 많은 시간이 소요되므로 접수시간 종료 전까지 반드시 작성, 저장 및 결제가 이루어져야 함. 접수시간 종료로 인한
원서 미접수에 대한 책임은 지원자 본인에게 있음
3. 수시모집 전형 간 복수지원 허용
• 수시모집 지원 6회 이내의 범위에서 본교 수시모집 전형 간 복수지원 가능
• 면접일정이 중복되는 경우, 전형별 모집단위 1개만 선택 가능
면접 일정 전형 비고
학생부종합(KU자기추천): 이과대학, 공과대학,
1단계 합격 이후 면접 일정이 중복될 경우,
사회과학대학, 부동산과학원, 융합과학기술원, 사범대학
2024. 11. 30.(토)
택1 하여 응시
학생부종합(특수교육대상자)
2025학년도 수시모집요강 19"
Page,20,"KU•SEOUL•CAMPUS
4. 전형일정
구분 내용 일정 비고
2024. 9. 9.(월) 10:00
원서접수 전체 전형 ·원 서접수 사이트에서 접수
~ 9. 12.(목) 17:00
·원 서접수 사이트에
서류제출 2024. 9. 9.(월) 10:00
전체 전형 PDF 업로드
(PDF 업로드) ~ 9. 13.(금) 17:00
·우 편과 방문 제출 모두 불가
학교생활기록부 2024. 9. 9.(월) 10:00
학생부종합전형
대체 서식 입력 ~ 9. 13.(금) 17:00
온라인 입력 ·원 서접수 사이트에서 입력
학교장 추천 2024. 9. 19.(목) 9:00
학생부교과(KU지역균형)
명단 입력 ~ 9. 25.(수) 18:00
실기/실적(KU연기우수자, KU체육특기자) 2024. 10. 11.(금) 14:00 예정
1단계
·본 교 입학처 홈페이지 공고
합격자 발표
학생부종합(KU자기추천, 특수교육대상자) 2024. 11. 15.(금) 14:00 예정
2단계 1단계 합격자 발표 이후 ·기 한 내 미납부 시
학생부종합(KU자기추천, 특수교육대상자)
전형료 납부 ~ 2024. 11. 18.(월) 17:00 2단계 응시자격 상실
실기 실기/실적(KU연기우수자) 2024. 10. 21.(월) ~ 10. 26.(토)
자연 2024. 11. 16.(토) 9:20~11:00
논술
논술고사 KU자유전공학부 2024. 11. 16.(토) 14:00~15:40
(KU논술우수자)
인문사회(Ⅰ, Ⅱ) 2024. 11. 16.(토) 17:40~19:20
실기/실적(KU체육특기자) 2024. 11. 2.(토)
·고 사장 및 입실완료 시간은
이과대학, 공과대학, 사회과학대학, 고사 3~4일 전 본교 입학처
학생부종합
부동산과학원, 융합과학기술원, 홈페이지 공고
(KU자기추천)
2024. 11. 30.(토)
사범대학
면접
학생부종합(특수교육대상자)
문과대학, 건축대학, 경영대학,
학생부종합
생명과학대학, 수의과대학, 2024. 12. 1.(일)
(KU자기추천)
KU자유전공학부
실기/실적(KU연기우수자, KU체육특기자) 2024. 11. 22.(금) 14:00 예정
최초합격자
학생부교과(KU지역균형), 학생부종합전형 전체
발표
2024. 12. 13.(금) 14:00 예정
논술(KU논술우수자)
온라인 2024. 12. 16.(월) 10:00
문서등록 ~ 12. 18.(수) 16:00
·본 교 입학처 홈페이지 공고
추가합격자 2024. 12. 19.(목) 10:00
발표 ~ 12. 26.(목) 18:00
전체 전형
추가합격자
2024. 12. 27.(금) 16:00
등록 마감
등록금 납부 2025. 2. 10.(월) ~ 2. 12.(수)
20 건국대학교 서울캠퍼스"
Page,21,"KU•SEOUL•CAMPUS
5. 합격자 발표 안내
■ 합격자 발표
구분 전형 발표일시 발표방법
실기/실적(KU연기우수자, KU체육특기자) 2024. 10. 11.(금) 14:00 예정
1단계 합격자
학생부종합(KU자기추천, 특수교육대상자) 2024. 11. 15.(금) 14:00 예정
·본 교 입학처
실기/실적(KU연기우수자, KU체육특기자) 2024. 11. 22.(금) 14:00 예정
홈페이지 공고
최초합격자 학생부교과(KU지역균형), 학생부종합전형 전체,
2024. 12. 13.(금) 14:00 예정
논술(KU논술우수자)
■ 합격자 발표 유의사항
• 1 단계 합격자 및 최초합격자는 개별적으로 통보하지 않으므로 지원자가 본교 입학처 홈페이지(enter.konkuk.ac.kr)를 통해 확인해야
하며, 미확인으로 인한 합격 취소 등 각종 불이익의 책임은 합격자 본인에게 있음
• 지 원자는 합격자 발표에 대한 자세한 사항(일정, 발표방법 등)을 숙지하고, 합격 여부를 확인하여야 함
• 수 시모집에 복수로 합격한 자는 등록기간 내에 1개 대학의 1개 전형에만 등록해야 함
• 본 교에 복수 지원하여 중복합격한 합격자의 경우, 등록 시 본인이 1개의 전형 및 모집단위를 선택하여 등록해야 하며, 등록 이후에는
등록된 전형 및 모집단위의 변경이 불가함
• 합 격자 발표 등 전형일정은 상황에 따라 일부 변경될 수 있음
• 수시모집 합격자(최초합격자 및 추가합격자로 통보받은 자)는 수험생의 등록의사와 관계없이 합격자로 처리되며, 정시모집과 추가모집에
지원할 수 없음
6. 추가합격자 발표
■ 추가합격자 발표 및 등록일정
차수 발표일시 등록일시 발표방법
1차 2024. 12. 19.(목) 10:00 예정 2024. 12. 19.(목) 10:00~16:00 ·입학처 홈페이지 발표
※ 개 별 전화 통보 일정은 추후
2차 이후 2024. 12. 20.(금) ~ 12. 26.(목) 18:00 2024. 12. 20.(금) ~ 12. 27.(금) 16:00 홈페이지를 통하여 안내
※ 세부 일정은 변경될 수 있으며, 관련 사항은 추후 입학처 홈페이지에 공지함
■ 추가합격자 발표 유의사항
• 합 격자의 미등록 등으로 결원이 발생할 경우 본교의 입학전형 성적순위에 따라 추가합격자를 선발할 수 있음
• 2 024. 12. 26.(목) 18:00 이후에는 추가합격 통보를 할 수 없음
• 추 가합격자 발표(개별 전화 통보 포함)는 본교 입학처 홈페이지에 공고하며, 지원자는 발표일을 사전에 확인하고 발표 기간 내에 추가
합격자 명단을 반드시 확인해야 함
• 지 원자는 원서접수 시 등록한 연락처(본인 / 보호자)로 연락이 가능하도록 대기해야 하며, 원서접수 시 등록한 연락처(본인 / 보호자)가
변경된 자는 변경된 연락처를 반드시 본교에 즉시 통보하여야 함. 수신자 부재, 연락처 오류 등 연락이 되지 않아 발생되는 불이익의
책임은 지원자에게 있음(입학처: 02-450-0007)
• 개별 통보의 경우, 대학의 노력에도 불구하고 연락이 되지 않는 수험생(3회 통화 시까지 연락이 안 되는 자)과 추가합격자 중 지정된
등록기간 내에 미등록한 자는 등록의사가 없는 것으로 간주함
• 등 록의사가 없는 것으로 간주될 경우, 차순위자에게 합격을 통보함. 이에 대해 지원자는 추후 어떠한 사유로도 이의를 제기할 수 없음
• 수 시모집 예비합격 순위를 부여받은 자는 그 순위를 포기할 수 없음. 즉, 수시모집의 지원 사실을 포기할 수 없음
• 수 시모집 합격자(최초합격자 및 추가합격자로 통보받은 자)는 수험생의 등록의사와 관계없이 합격자로 처리되며, 정시모집과 추가모집에
지원할 수 없음
• 수 시모집 합격자가 추가합격자 발표기간 중 다른 대학의 추가합격을 통보받은 경우 합격자는 등록을 원하지 않는 대학에 등록 포기의사를
즉시 전달해야 함
2025학년도 수시모집요강 21"
Page,22,"KU•SEOUL•CAMPUS
7. 등록 및 등록 포기 안내
※ 기간 경과 및 절차 미숙지로 인한 불이익의 책임은 지원자에게 있음
■ 문서 등록절차
• 문 서 등록기간: 2024. 12. 16.(월) 10:00 ~ 12. 18.(수) 16:00
• 문 서 등록방법: 본교 입학처 홈페이지에서 문서등록
③ 확인 후 ④ 본인 인증절차 페이지에서
① 본교 입학처 홈페이지 내 ② 성명, 생년월일,
【문서등록바로가기】 원서접수 시 입력한 휴대전화
합격자 발표 페이지 접속 수험번호 입력 후 조회
클릭 번호로 인증번호 발송
⑤ 문자 수신한 ⑧ 합격자 발표 페이지
⑥【 문서등록하기】 ⑦【문서등록확인증】
인증번호 입력 후 ‘합격여부’란 상태가
버튼 클릭 출력 및 완료
【인증번호 확인】 클릭 【문서등록완료】 로 변경됨
※ 문서등록: 예치금 납부 없이 온라인으로 등록의사를 확인하는 절차를 의미
※ 위 기간에 문서등록을 완료하지 않으면 등록을 포기하는 것으로 간주함
※ 합 격자는 온라인 문서등록을 완료하였더라도 정해진 기간 내에 등록금을 납부하여야 하며, 기한 내에 납부하지 않을 경우 등록의사가 없는
것으로 간주하여, 별도의 통보 없이 해당 합격을 취소함
■ 문서등록 취소절차
• 등 록 취소 신청기간: ~ 2024. 12. 26.(목) 17:50까지
• 등 록 취소 신청방법: 본교 입학처 홈페이지에서 등록 취소 신청
① 본교 입학처 홈페이지 ② 성명, 생년월일, ③ 본인 인증 페이지에서
문서등록 취소 신청 페이지 수험번호, 보안카드 숫자 원서접수 시 입력한 휴대전화
접속 입력 후 로그인 번호로 인증번호 발송
④ 문서등록 취소사유 ⑤【 문서등록취소확인증】
입력 후 신청 버튼 클릭 출력 및 완료
※ 문서등록 취소가 완료되면 등록포기 여부 번복은 절대 불가함
8. 등록금 납부
일정 비고
·합 격자 조회 시 합격자 유의사항을 통해 별도 안내 예정
2025. 2. 10.(월) ~ 2. 12.(수) ※ 합 격자는 온라인 문서등록을 완료하였더라도 정해진 기간 내에 등록금을 납부하여야 하며, 기한 내에
납부하지 않을 경우 등록의사가 없는 것으로 간주하여, 별도의 통보 없이 해당 합격을 취소함
22 건국대학교 서울캠퍼스"
Page,23,"KU•SEOUL•CAMPUS
Ⅴ. 세부 전형별 안내
학생부교과 KU지역균형
1. 모집단위 및 모집인원: 총 470명
대학 모집단위 계열 인원 대학 모집단위 계열 인원
국어국문학과 인문 3 정치외교학과 인문 3
영어영문학과 인문 5 경제학과 인문 7
중어중문학과 인문 4
행정학과 인문 5
사회과학대학
철학과 인문 3
국제무역학과 인문 4
문과대학 사학과 인문 3
응용통계학과 인문 4
지리학과 인문 3
사회과학대학융합전공학부 인문 50
미디어커뮤니케이션학과 인문 6
경영학과 인문 15
문화콘텐츠학과 인문 4 경영대학
기술경영학과 인문 4
문과대학자유전공학부 인문 35
부동산과학원 부동산학과 인문 4
수학과 자연 3
물리학과 자연 4 첨단바이오공학부 자연 5
이과대학
화학과 자연 3 융합과학 시스템생명공학과 자연 3
이과대학자유전공학부 자연 13 기술원 융합생명공학과 자연 3
건축대학 건축학부 자연 8 융합과학기술원자유전공학부 자연 25
사회환경공학부 자연 10
동물자원·식품과학·유통학부 자연 9
기계·로봇·자동차공학부 자연 16
환경보건·산림조경학부 자연 5
전기전자공학부 자연 11
생명과학대학 생명과학특성학과 자연 3
화공학부 자연 6
식량자원과학과 자연 3
컴퓨터공학부 자연 10
공과대학 생명과학대학자유전공학부 자연 34
재료공학과 자연 5
수의과대학 수의예과 자연 5
항공우주·모빌리티공학과 자연 5
일어교육과 인문 3
생물공학과 자연 4
산업공학과 자연 3 사범대학 수학교육과 자연 5
공과대학자유전공학부 자연 100 영어교육과 인문 4
2025학년도 수시모집요강 23"
Page,24,"KU•SEOUL•CAMPUS
2. 지원자격
• 국 내 고등학교에서 5학기 이상의 교육과정을 이수한 졸업(예정)자로서, 고등학교장의 추천을 받은 자
• 고 교별 추천인원 제한 없음
• 지 원 불가
- 특 성화고, 산업수요맞춤형고, 전문계과정(일반고, 종합고), 영재학교, 예술고, 체육고, 학력인정 평생교육시설, 비인가 대안학교, 방송통신고,
고등기술학교, 각종학교 졸업(예정)자
- 학생부 교과목별 석차등급을 산출할 수 없는 자
3. 전형방법
사정단계 학생부(교과정량) 학생부(교과정성) 합계 수능최저학력기준
일괄합산 700(70%) 300(30%) 1,000(100%) 없음
「 」
※ 학생부(교과정량) 반영방법에 대한 세부 사항은 P.65 Ⅶ. 학생부(교과정량) 반영방법 참고
4. 전형요소별 실질 반영비율
전형요소 최고점 최저점 차이 실질 반영비율
학생부(교과정량) 700 0 700 70%
학생부(교과정성) 300 0 300 30%
5. 평가자료
• 학교생활기록부 ‘교과학습발달상황’ 항목만 학생부(교과정성) 평가에 반영
6. 평가요소 및 평가항목
평가요소 반영비율 평가항목
학업역량 20% 학업성취도 / 학업태도
진로역량 10% 전공(계열) 관련 교과 이수 노력 / 전공(계열) 관련 교과 성취도
7. 선발원칙
• 학생부(교과정량)와 학생부(교과정성)의 점수를 합산하여 총점 석차순으로 모집단위별 모집인원 선발
• 학생부(교과정성) 점수가 일정 수준 이하인 경우 선발대상에서 제외
• 제출서류를 기한 내에 제출하지 않은 경우 선발대상에서 제외
• 학교폭력 조치사항 기재 항목에 따른 감점표를 활용하여 총점에서 감점
24 건국대학교 서울캠퍼스"
Page,25,"KU•SEOUL•CAMPUS
8. 전형일정
구분 일정
원서접수 2024. 9. 9.(월) 10:00 ~ 9. 12.(목) 17:00
서류제출(PDF업로드) 2024. 9. 9.(월) 10:00 ~ 9. 13.(금) 17:00
학교장 추천 명단 입력(온라인) 2024. 9. 19.(목) 9:00 ~ 9. 25.(수) 18:00
최초합격자 발표 2024. 12. 13.(금) 14:00 예정
9. 제출서류
• 모 든 서류는 2024. 9. 1.(일) 이후 발급분 제출
• 2 024. 9. 13.(금) 17:00까지 원서접수 사이트에서 서류제출(PDF 업로드) / 우편 및 방문 제출 불가
※ 최종등록자에 한하여 PDF 제출서류의 원본을 요청할 예정이므로 반드시 해당 서류를 보관하여야 함
제출서류 비고
·서류제출(PDF 업로드) 불필요
※ 대상: 2017년 2월 ~ 2025년 2월 졸업(예정)자
온라인 제공 동의자
※ 2 005년 2월 ~ 2016년 2월 졸업자 중 희망자의 경우 온라인 생성 신청 시스템
(apply.neis.go.kr)을 통해 대입전형자료 온라인 신청 가능
학교생활기록부
·대입전형용 학교생활기록부 1부
온라인 제공
·교육기관(초·중·고교), 공공기관, 무인민원발급기, 인터넷 발급
미동의자 및 불가자
·원서접수 사이트에서 서류제출(PDF 업로드)
·고교별 지정교사 1인이 원서접수 사이트에서 학교장 추천 명단 입력
·고교별 추천 인원 제한 없음
학교장 추천 명단 ·지원자는 재학 중인(또는 졸업한) 고교와 반드시 사전협의 후 원서접수 가능
·지원자는 선(先)지원하고, 고교별 지정교사가 추천서를 후(後)접수
·추천 방법 가이드라인은 원서접수 전 입학처 홈페이지에 안내 예정
※ 서류접수 기간 이후 학교생활기록부 수정사항 제출 시 반영하지 않음
※ 개 명 또는 주민등록번호 변경으로 인하여 제출서류(고교 학교생활기록부 등)와 입학원서 상 인적사항이 일치하지 않는 지원자는 ‘주민등록표초본’
1부를 제출해야 함
10. 동점자 처리기준
순위 항목
1순위 학생부(교과정량) 성적 총점 우수자
2순위 학생부(교과정성) 학업역량 점수 우수자
3순위 학생부(교과정성) 진로역량 점수 우수자
4순위 국어 교과 성적 산출점수 우수자
5순위 수학 교과 성적 산출점수 우수자
2025학년도 수시모집요강 25"
Page,26,"KU•SEOUL•CAMPUS
학생부종합 KU자기추천
1. 모집단위 및 모집인원: 총 813명
대학 모집단위 계열 인원 대학 모집단위 계열 인원
국어국문학과 인문 15 정치외교학과 인문 9
영어영문학과 인문 29 경제학과 인문 22
중어중문학과 인문 13 사회과학대학(★) 행정학과 인문 14
철학과 인문 15 국제무역학과 인문 14
문과대학
사학과 인문 14 응용통계학과 인문 12
지리학과 인문 15 경영학과 인문 47
경영대학
미디어커뮤니케이션학과 인문 13 기술경영학과 인문 10
문화콘텐츠학과 인문 13 부동산과학원(★) 부동산학과 인문 13
수학과 자연 5 첨단바이오공학부 자연 14
이과대학(★) 물리학과 자연 13 융합과학기술원(★) 시스템생명공학과 자연 8
화학과 자연 8 융합생명공학과 자연 8
건축대학 건축학부 자연 19 동물자원·식품과학·유통학부 자연 30
사회환경공학부 자연 35 환경보건·산림조경학부 자연 18
생명과학대학
기계·로봇·자동차공학부 자연 7 생명과학특성학과 자연 11
전기전자공학부 자연 31 식량자원과학과 자연 10
화공학부 자연 16 수의과대학 수의예과 자연 16
공과대학(★) 컴퓨터공학부 자연 31 일어교육과 인문 16
재료공학과 자연 15 수학교육과 자연 6
사범대학(★)
항공우주·모빌리티공학과 자연 9 교육공학과 인문 12
생물공학과 자연 13 영어교육과 인문 8
산업공학과 자연 7 KU자유전공학부* KU자유전공학부 - 179
※ 면접: (★) 2024. 11. 30.(토) / (그 외) 2024. 12. 1.(일)
*KU자유전공학부는 무전공 모집단위임
2. 지원자격
• 국 내·외 고등학교 졸업(예정)자 또는 법령에 의하여 이와 동등 이상의 학력이 있다고 인정된 자
• 인 재상
구분 학과(부)별 모집 KU자유전공학부 모집
·고 교생 수준의 학업적 기초역량과 다양한 경험을 바탕으로
·교 내활동에 자발적으로 참여하고, 해당 전공에 관심과 융·복합적 소양을 길러 스스로를 추천할 수 있는 자
내용
소질이 있어 스스로를 추천할 수 있는 자 ·학 교생활에서 깊이 있는 탐색으로 학문 간 응용능력을
갖추어 스스로를 추천할 수 있는 자
26 건국대학교 서울캠퍼스"
Page,27,"KU•SEOUL•CAMPUS
3. 전형방법
사정단계 서류 면접 합계 선발배수 수능최저학력기준
1단계 1,000(100%) - 1,000(100%) 3배수
없음
2단계 1단계 성적 700(70%) 300(30%) 1,000(100%) -
「 」
※ P.60 Ⅵ. 학생부위주전형 안내 참고
4. 전형요소별 실질 반영비율
사정단계 전형요소 최고점 최저점 차이 실질 반영비율
1단계 서류 1,000 0 1,000 100%
1단계 성적 700 0 700 70%
2단계
면접 300 0 300 30%
5. 평가요소 및 평가항목
가. 서류
학과(부)별 모집 KU자유전공학부
평가요소 반영비율 평가항목 평가요소 반영비율 평가항목
·학업성취도 ·학업성취도
학업역량 30% ·학업태도 학업역량 20% ·학업태도
·탐구력 ·탐구력
·전공(계열) 관련 교과 이수 노력 ·자기주도성
진로역량 40% ·전공(계열) 관련 교과 성취도 성장역량 50% ·창의적 문제해결력
·진로 탐색 활동과 경험 ·경험의 다양성
·협업과 소통능력 ·협업과 소통능력
·나눔과 배려 ·나눔과 배려
공동체역량 30% 공동체역량 30%
·성실성과 규칙준수 ·성실성과 규칙준수
·리더십 ·리더십
2025학년도 수시모집요강 27"
Page,28,"KU•SEOUL•CAMPUS
나. 면접
• 제 출서류에 기초한 개별면접(10분)
학과(부)별 모집 KU자유전공학부
평가요소 반영비율 평가항목 평가요소 반영비율 평가항목
학업역량 30% ·탐구력 학업역량 20% ·탐구력
·자기주도성
·전공(계열) 관련 교과 이수 노력
진로역량 40% 성장역량 50% ·창의적 문제해결력
·진로 탐색 활동과 경험
·경험의 다양성
·협업과 소통능력 ·협업과 소통능력
공동체역량 30% 공동체역량 30%
·나눔과 배려 ·나눔과 배려
6. 선발원칙
• 1 단계: 서류 점수 석차순으로 모집단위별 모집인원의 3배수 선발
• 2 단계: 총점 석차순(1단계 성적 70% + 면접 30%)으로 모집단위별 모집인원 최종 선발
• 제 출서류를 기한 내에 제출하지 않은 경우 선발대상에서 제외
• 면 접대상자 중 면접결시자와 면접평가 점수가 일정 수준 이하인 자는 선발대상에서 제외
• 학 교폭력 조치사항 기재 항목에 따른 감점표를 활용하여 총점에서 감점
7. 전형일정
구분 일정
원서접수 2024. 9. 9.(월) 10:00 ~ 9. 12.(목) 17:00
2024. 9. 9.(월) 10:00 ~ 9. 13.(금) 17:00
서류제출(PDF 업로드) 및 온라인 입력
※ 학교생활기록부 대체 서식(해당자) 온라인 입력
1단계 합격자 발표 2024. 11. 15.(금) 14:00 예정
2단계 전형료 납부 1단계 합격자 발표 이후 ~ 2024. 11. 18.(월) 17:00
이과대학, 공과대학, 사회과학대학, 부동산과학원, 융합과학기술원, 사범대학 2024. 11. 30.(토)
※
면접
문과대학, 건축대학, 경영대학, 생명과학대학, 수의과대학, KU자유전공학부 2024. 12. 1.(일)
최초합격자 발표 2024. 12. 13.(금) 14:00 예정
※ 면 접 고사장, 입실 시간 등 면접 관련 자세한 사항은 2단계 전형료 납부 후, 면접 3~4일 전 본교 입학처 홈페이지를 통해 확인할 수 있으며,
수험생별 면접 일자 및 시간은 변경 불가
※ 면 접은 오전/오후 각 4타임(1타임 60분)으로 진행할 예정이며 입실 및 면접 종료 시간이 타임별로 상이
- 오전 면접은 8:00 입실 시작 ~ 13:30 종료 예정 / 오후 면접은 13:30 입실 시작 ~ 19:00 종료 예정(변동 가능)
28 건국대학교 서울캠퍼스"
Page,29,"KU•SEOUL•CAMPUS
8. 제출서류
• 모 든 서류는 2024. 9. 1.(일) 이후 발급분 제출
• 2 024. 9. 13.(금) 17:00까지 원서접수 사이트에서 서류제출(PDF 업로드) / 우편 및 방문 제출 불가
※ 최종등록자에 한하여 PDF 제출서류의 원본을 요청할 예정이므로 반드시 해당 서류를 보관하여야 함
대상 제출서류
·서류제출(PDF 업로드) 불필요
학생부 온라인 제공 ※ 대상: 2017년 2월 ~ 2025년 2월 졸업(예정)자
동의자 ※ 2 005년 2월 ~ 2016년 2월 졸업자 중 희망자의 경우 온라인 생성 신청 시스템
국내 정규 고등학교
(apply.neis.go.kr)을 통해 대입전형자료 온라인 신청 가능
졸업(예정)자
·대입전형용 학교생활기록부 1부
학생부 온라인 제공
·교육기관(초·중·고교), 공공기관, 무인민원발급기, 인터넷 발급
미동의자 및 불가자
·원서접수 사이트에서 서류제출(PDF 업로드)
검정고시 자료
·서류제출(PDF 업로드) 불필요
온라인 제공 동의자
고등학교 졸업학력
검정고시 출신자1) 검정고시 자료 ·고등학교 졸업학력 검정고시 합격증명서 1부
온라인 제공
·원서접수 사이트에서 서류제출(PDF 업로드)
미동의자 및 불가자
·국외 고등학교 졸업(예정)증명서 1부
1) ·국외 고등학교 성적증명서 1부
국외 고등학교 출신자
※ 국외 고교 출신자 제출서류 안내(P.59) 필독
·원서접수 사이트에서 서류제출(PDF 업로드)
※ 서류접수 기간 이후 학교생활기록부 수정사항 제출 시 반영하지 않음
※ 개 명 또는 주민등록번호 변경으로 인하여 제출서류(고교 학교생활기록부 등)와 입학원서 상 인적사항이 일치하지 않는 지원자는 ‘주민등록표초본’
1부를 제출해야 함
1) 추가 서류제출 안내
대상 제출서류 제출방법 및 기한
고등학교 졸업학력 검정고시 출신자 ·원서접수 시 온라인 입력
학교생활기록부 대체 서식
국외 고등학교 출신자 ·2024. 9. 9.(월) 10:00 ~ 9. 13.(금) 17:00
검정고시 및 국외 고등학교 출신자 중 [대상자만] ·원서접수 사이트에서 서류제출(PDF 업로드)
※
국내 학교생활기록부가 있는 자 대입전형용 학교생활기록부 1부 ·2024. 9. 9.(월) 10:00 ~ 9. 13.(금) 17:00
※ 학교폭력 조치사항 확인을 위하여 ‘검정고시 및 국외고 출신자’ 중 국내 고교 학교생활기록부가 있는 자는 국내 고교 학교생활기록부를
제출해야 함
9. 동점자 처리기준
학과(부)별 모집 KU자유전공학부
순위
1단계 기준 2단계 기준 1단계 기준 2단계 기준
1순위 서류 진로역량 점수 우수자 면접 진로역량 점수 우수자 서류 성장역량 점수 우수자 면접 성장역량 점수 우수자
2순위 서류 학업역량 점수 우수자 면접 공동체역량 점수 우수자 서류 학업역량 점수 우수자 면접 공동체역량 점수 우수자
3순위 서류 공동체역량 점수 우수자 면접 학업역량 점수 우수자 서류 공동체역량 점수 우수자 면접 학업역량 점수 우수자
4순위 - 서류 진로역량 점수 우수자 - 서류 성장역량 점수 우수자
5순위 - 서류 학업역량 점수 우수자 - 서류 학업역량 점수 우수자
2025학년도 수시모집요강 29"
Page,30,"KU•SEOUL•CAMPUS
학생부종합 사회통합
1. 모집단위 및 모집인원: 총 87명
대학 모집단위 계열 인원 대학 모집단위 계열 인원
국어국문학과 인문 2 정치외교학과 인문 1
영어영문학과 인문 2
경제학과 인문 3
중어중문학과 인문 2
사회과학대학 행정학과 인문 2
철학과 인문 1
문과대학
사학과 인문 1 국제무역학과 인문 3
지리학과 인문 1
응용통계학과 인문 2
미디어커뮤니케이션학과 인문 1
경영학과 인문 4
문화콘텐츠학과 인문 1
경영대학
수학과 자연 1 기술경영학과 인문 2
이과대학 물리학과 자연 2
부동산과학원 부동산학과 인문 2
화학과 자연 1
첨단바이오공학부 자연 3
건축대학 건축학부 자연 3
사회환경공학부 자연 4 융합과학기술원 시스템생명공학과 자연 1
기계·로봇·자동차공학부 자연 4
융합생명공학과 자연 1
전기전자공학부 자연 4
동물자원·식품과학·유통학부 자연 4
화공학부 자연 4
공과대학 컴퓨터공학부 자연 4 환경보건·산림조경학부 자연 3
생명과학대학
재료공학과 자연 4 생명과학특성학과 자연 2
항공우주·모빌리티공학과 자연 3
식량자원과학과 자연 2
생물공학과 자연 2
수의과대학 수의예과 자연 3
산업공학과 자연 2
2. 지원자격
• 국 내 고등학교 졸업(예정)자 또는 법령에 의하여 이와 동등 이상의 학력이 있다고 인정된 자로서 원서접수 마감일 현재 다음 각 호 중
하나에 해당하는 자
1. 국가보훈대상자
「 」
· 국가보훈 기본법 제3조 제2호에 따른 ‘국가보훈대상자’로서 국가보훈관계 법령에 따른 교육지원 대상자
※ 근거법령
「 」
가. 독립유공자예우에 관한 법률 제15조
「 」
나. 국가유공자 등 예우 및 지원에 관한 법률 제22조
「 」
다. 5·18민주유공자예우에 관한 법률 제12조
「 」
라. 고엽제후유의증 등 환자지원 및 단체설립에 관한 법률 제7조의 5
「 」
마. 특수임무유공자 예우 및 단체설립에 관한 법률 제11조
「 」
바. 보훈보상대상자 지원에 관한 법률 제25조
※ 단, 국가보훈대상자 지원자격은 국내 고교 학생부 3학기 이상 학생부(교과정량) 석차등급 산출내역이 있어야 함
30 건국대학교 서울캠퍼스"
Page,31,"KU•SEOUL•CAMPUS
2. 농어촌학생
「 」
· 고등교육법 시행령 제29조 제2항 제14호 ‘가’목에 해당하는 자 중 [지원자격 1] 또는 [지원자격 2]에 해당하는 자
▶ [지원자격 1]: 중 학교 입학일부터 고등학교 졸업일까지 농어촌 소재지의 중·고등학교 전 교육과정을 연속하여 이수하고,
해당기간 동안 본인 및 부·모 모두 농어촌 소재지에 거주한 자
▶ [지원자격 2]: 초등학교 입학일부터 고등학교 졸업일까지 농어촌 소재지의 초·중·고등학교 전 교육과정을 연속하여 이수하고,
해당기간 동안 본인이 농어촌 소재지에 거주한 자
- 특 수목적고(과학고, 산업수요맞춤형고, 외국어고, 국제고, 예술고, 체육고), 특성화고, 학력인정 평생교육시설, 비인가 대안학교,
방송통신고, 고등기술학교, 각종학교 졸업(예정)자 지원 불가
- 지원자격 해당기간의 연속된 연수만을 인정함
「 」 「 」
- ‘ 농어촌 소재지’란 지방자치법 제3조에 따른 읍·면 지역 및 도서·벽지 교육진흥법시행규칙 제2조에 따른 도서·벽지 지역을
의미함
- 고 교 졸업예정자가 최종 합격할 경우 재학 고등학교의 졸업일까지 지원자격(농어촌 지역 거주 및 농어촌 지역 고교 재학)을
유지해야 하며, 자격을 유지하지 않을 경우 불합격 또는 입학이 취소될 수 있음
※ 행정구역(읍·면)의 적용 등 세부 기준
1) 고등학교(초등학교·중학교) 재학 당시의 행정구역(읍·면) 단위를 기준으로 적용함
2) 고등학교(초등학교·중학교) 재학 중에 읍·면이 동으로 행정구역이 개편된 경우, 개편된 동 지역을 읍·면 지역으로 인정함
3) 고등학교(초등학교·중학교) 재학 당시 읍·면이었던 행정구역이 졸업 이후 동으로 개편된 경우, 개편된 동 지역을 읍·면 지역으로 인정함
4) 2개 이상의 학교에서 재학한 경우에 해당 학교 모두 반드시 읍·면 지역에 소재하는 학교이어야 하나, 동일한 읍·면 지역이 아니어도 됨
5) 지원자의 거주지, 부모의 거주지, 재학한 학교 소재지가 동일한 읍·면 지역 또는 도서·벽지 지역이 아니어도 됨
6) [ 지원자격 1] 중학교 입학일부터 고등학교 졸업일까지 주민등록표초본 상 본인, 부, 모 중 한 명 이상이 단 하루라도 말소된 기록이 있는
경우는 지원자격에 해당되지 않음
7) [ 지원자격 2] 초등학교 입학일부터 고등학교 졸업일까지 주민등록표초본 상 본인이 단 하루라도 말소된 기록이 있는 경우는 지원자격에
해당되지 않음
8) [지원자격 1] 지원자격 특이자
구분 자격요건
이혼 전 부모의 주소지와 이혼 후의 주민등록 상 지원자 본인의 양육권이 있는 부(모)의 주소지가 농어촌
부모의 이혼
지역이어야 함
① 부 모 모두가 사망한 경우에는 부모 모두가 법률 상의 사망일 이전까지의 주소지가 농어촌 지역이어야 하며,
사망일 이후부터 지원자의 주소지가 농어촌 지역이어야 함
부모의 사망
② 부 (모)가 사망한 경우에는 부(모)가 법률 상의 사망일 이전까지의 주소지가 농어촌 지역이어야 하며,
지원자 본인과 생존한 부(모)의 주소지가 농어촌 지역이어야 함
3. 기초생활및차상위
「 」
· 고등교육법 시행령 제29조 제2항 제14호 ‘라’목에 해당하는 자
「 」
1. 국민기초생활 보장법 제2조 제1호에 따른 수급권자 및 제2조 제2호에 따른 수급자
「 」
2. 국민기초생활 보장법 제2조 제10호에 따른 차상위계층
「 」
3. 한부모가족지원법 제5조 및 제5조의2에 따른 지원대상자
2025학년도 수시모집요강 31"
Page,32,"KU•SEOUL•CAMPUS
3. 전형방법
사정단계 서류 학생부(교과정량) 합계 수능최저학력기준
일괄합산 700(70%) 300(30%) 1,000(100%) 없음
「 」 「 」
※ P.60 Ⅵ. 학생부위주전형 안내 및 P.65 Ⅶ. 학생부(교과정량) 반영방법 참고
4. 전형요소별 실질 반영비율
전형요소 최고점 최저점 차이 실질 반영비율
서류 700 0 700 70%
학생부(교과정량) 300 0 300 30%
5. 평가요소 및 평가항목
평가요소 반영비율 평가항목
학업역량 30% 학업성취도 / 학업태도 / 탐구력
진로역량 40% 전공(계열) 관련 교과 이수 노력 / 전공(계열) 관련 교과 성취도 / 진로 탐색 활동과 경험
공동체역량 30% 협업과 소통능력 / 나눔과 배려 / 성실성과 규칙준수 / 리더십
6. 선발원칙
• 학 생부(교과정량)와 서류 점수를 합산하여 총점 석차순으로 모집단위별 모집인원 선발
• 서 류 점수가 일정 수준 이하인 경우 선발대상에서 제외
• 제 출서류를 기한 내에 제출하지 않은 경우 선발대상에서 제외
• 학 교폭력 조치사항 기재 항목에 따른 감점표를 활용하여 총점에서 감점
7. 전형일정
구분 일정
원서접수 2024. 9. 9.(월) 10:00 ~ 9. 12.(목) 17:00
2024. 9. 9.(월) 10:00 ~ 9. 13.(금) 17:00
서류제출(PDF 업로드) 및 온라인 입력
※ 학교생활기록부 대체 서식(해당자) 온라인 입력
최초합격자 발표 2024. 12. 13.(금) 14:00 예정
32 건국대학교 서울캠퍼스"
Page,33,"KU•SEOUL•CAMPUS
8. 제출서류
가. 공통서류
• 모 든 제출서류는 2024. 9. 1.(일) 이후 발급분 제출
• 2 024. 9. 13.(금) 17:00까지 원서접수 사이트에서 서류제출(PDF 업로드) / 우편 및 방문 제출 불가
※ 최종등록자에 한하여 PDF 제출서류의 원본을 요청할 예정이므로 반드시 해당 서류를 보관하여야 함
대상 제출서류
·서류제출(PDF 업로드) 불필요
학생부 온라인 제공 ※ 대상: 2017년 2월 ~ 2025년 2월 졸업(예정)자
동의자 ※ 2 005년 2월 ~ 2016년 2월 졸업자 중 희망자의 경우 온라인 생성 신청 시스템
국내 정규 고등학교
(apply.neis.go.kr)을 통해 대입전형자료 온라인 신청 가능
졸업(예정)자
·대입전형용 학교생활기록부 1부
학생부 온라인 제공
·교육기관(초·중·고교), 공공기관, 무인민원발급기, 인터넷 발급
미동의자 및 불가자
·원서접수 사이트에서 서류제출(PDF 업로드)
검정고시 자료 온라인
·서류제출(PDF 업로드) 불필요
제공 동의자
고등학교 졸업학력
1) 검정고시 자료
검정고시 출신자
·고등학교 졸업학력 검정고시 합격증명서 1부
온라인 제공
·원서접수 사이트에서 서류제출(PDF 업로드)
미동의자 및 불가자
·국외 고등학교 졸업(예정)증명서 1부
1) ·국외 고등학교 성적증명서 1부
국외 고등학교 출신자
※ 국외 고교 출신자 제출서류 안내(P.59) 필독
·원서접수 사이트에서 서류제출(PDF 업로드)
※ 서류접수 기간 이후 학교생활기록부 수정사항 제출 시 반영하지 않음
※ 개 명 또는 주민등록번호 변경으로 인하여 제출서류(고교 학교생활기록부 등)와 입학원서 상 인적사항이 일치하지 않는 지원자는 ‘주민등록표초본’
1부를 제출해야 함
1) 추가 서류제출 안내
대상 제출서류 제출방법 및 기한
고등학교 졸업학력 검정고시 출신자
·원서접수 시 온라인 입력
학교생활기록부 대체 서식
·2024. 9. 9.(월) 10:00 ~ 9. 13.(금) 17:00
국외 고등학교 출신자
검정고시 및 국외 고등학교 출신자 중 [대상자만] ·원서접수 사이트에서 서류제출(PDF 업로드)
※
국내 학교생활기록부가 있는 자 대입전형용 학교생활기록부 1부 ·2024. 9. 9.(월) 10:00 ~ 9. 13.(금) 17:00
※ 학교폭력 조치사항 확인을 위하여 ‘검정고시 및 국외고 출신자’ 중 국내 고교 학교생활기록부가 있는 자는 국내 고교 학교생활기록부를
제출해야 함
2025학년도 수시모집요강 33"
Page,34,"KU•SEOUL•CAMPUS
나. 지원자격별 서류
• 모 든 제출서류는 2024. 9. 1.(일) 이후 발급분 제출
• 2 024. 9. 13.(금) 17:00까지 원서접수 사이트에서 서류제출(PDF 업로드) / 우편 및 방문 제출 불가
※ 최종등록자에 한하여 PDF 제출서류의 원본을 요청할 예정이므로 반드시 해당 서류를 보관하여야 함
• 모 든 지원자격 서류는 주민등록번호 뒷자리까지 확인할 수 있도록 상세로 발급하여 제출
1) 국가보훈대상자
구분 제출서류 비고
대학입학특별전형 ·정 부24(www.gov.kr) 또는 무인민원발급기에서 발급, 지방보훈청, 보훈지청 등에서
대상자증명서 발급 가능
국가보훈관계법령에
·지원자 기준
따른 교육지원 대상자
가족관계증명서 ※ 독 립유공자의 손자녀인 경우, 친손은 ‘부’ 기준, 외손은 ‘모’ 기준으로 발급한
가족관계증명서
2) 농어촌학생
구분 제출서류 비고
가족관계증명서 ·지원자 기준
·부, 모, 지원자 기준 각 1부씩, 총 3부
주민등록표초본
※ 주소변동사항 및 상세내역 포함
[지원자격 1]
중·고등학교
중학교 학교생활기록부 ·교육기관(초·중·고교), 공공기관, 무인민원발급기, 인터넷 발급
※
전 교육과정 이수자
·본교 양식(읍·면 지역을 확인할 수 있도록 지번주소로 작성)
농어촌학생
※ 본 교 입학처 홈페이지에 게시된 양식을 다운로드 받아 작성한 후,
지원자격 확인서
고등학교장 직인 날인한 서류를 스캔하여 PDF 업로드
·지원자 기준
주민등록표초본
※ 주소변동사항 및 상세내역 포함
[지원자격 2]
초·중학교 학교생활기록부 ·교육기관(초·중·고교), 공공기관, 무인민원발급기, 인터넷 발급
초·중·고등학교
전 교육과정 이수자 ·본교 양식(읍·면 지역을 확인할 수 있도록 지번주소로 작성)
농어촌학생
※ 본 교 입학처 홈페이지에 게시된 양식을 다운로드 받아 작성한 후,
지원자격 확인서
고등학교장 직인 날인한 서류를 스캔하여 PDF 업로드
※ [지원자격 1] 지원자격 특이자 추가 제출서류
구분 제출서류 비고
부모 혼인관계증명서
부모 이혼
기본증명서(지원자 기준)
※ 읍 ·면·동 행정복지센터 또는 대한민국법원
사망한 부(모)의 기본증명서
부(모) 또는 부모 사망 전자가족관계등록시스템
※ 2008년 이전 사망 시, 제적등본으로 대체
(http://efamily.scourt.go.kr)에서 발급 가능
입양 입양관계증명서
양자 친양자입양관계증명서
※ 이 밖에도 부와 모의 거주지 및 거주기간 등을 확인하기 위해 추가 서류제출을 요구할 수 있음
34 건국대학교 서울캠퍼스"
Page,35,"KU•SEOUL•CAMPUS
3) 기초생활및차상위
구분 제출서류 비고
국민기초생활보장 ·지원자 기준으로 발급
국민기초생활보장수급자증명서
수급자 ·정부24(www.gov.kr) 또는 행정복지센터 발급
차상위계층확인서
차상위본인부담경감대상자증명서 ·정부24(www.gov.kr) 또는 행정복지센터 발급
차상위복지급여
·단, 차상위본인부담경감대상자증명서는 국민건강보험공단 발행
수급 중인 자활근로자확인서
※ 수 급(권)자가 지원자 본인이 아닌 경우: 부 또는 모 기준
차상위계층 학생
장애수당대상자확인서 가족관계증명서와 주민등록표등본 추가 제출
장애인연금대상자확인서
·정부24(www.gov.kr) 또는 행정복지센터 발급
한부모가족
한부모가족증명서 ※ 수 급(권)자가 지원자 본인이 아닌 경우: 부 또는 모 기준
지원대상자
가족관계증명서와 주민등록표등본 추가 제출
「 」
다. 최종등록자 추가 제출서류(농어촌학생 지원자격에 한함)
농어촌학생 최종등록자는 고등학교 졸업 시까지 농어촌 지역에 거주해야 하며,
이를 입증하기 위한 서류를 추가 제출해야 함. 미제출 시 입학 이후라도 입학이 취소될 수 있음
· 대상: 학 생부종합(사회통합) 농어촌학생 최종등록자 중 2025년 2월 졸업예정자
(2024년 기준 고등학교 3학년 / 2024년 12월 및 2025년 1월 졸업예정자 포함)
· 제출기한: 2025. 2. 21.(금)까지(마감일 우편소인 인정)
· 제출서류
구분 제출서류
1. 고등학교 졸업증명서
[지원자격 1]
2. 부, 모, 지원자 기준 주민등록표초본 각 1부씩, 총 3부
중·고등학교 전 교육과정 이수자
※ 고등학교 졸업일 이후 발급분(주소변동사항 포함한 상세내역)
1. 고등학교 졸업증명서
[지원자격 2]
2. 지원자 기준 주민등록표초본
초·중·고등학교 전 교육과정 이수자
※ 고등학교 졸업일 이후 발급분(주소변동사항 포함한 상세내역)
· 제출방법: 입학처로 우편 제출(방문 제출 불가)
9. 동점자 처리기준
순위 항목
1순위 서류 진로역량 점수 우수자
2순위 서류 학업역량 점수 우수자
3순위 서류 공동체역량 점수 우수자
4순위 학생부(교과정량) 성적 총점 우수자
5순위 국어 교과 성적 우수자
2025학년도 수시모집요강 35"
Page,36,"KU•SEOUL•CAMPUS
학생부종합 특성화고교졸업자
1. 모집단위 및 모집인원: 총 22명
대학 모집단위 계열 인원 대학 모집단위 계열 인원
건축대학 건축학부 자연 1 정치외교학과 인문 1
경제학과 인문 1
사회환경공학부 자연 1
사회과학대학 행정학과 인문 1
기계·로봇·자동차공학부 자연 1
국제무역학과 인문 1
전기전자공학부 자연 1
응용통계학과 인문 1
화공학부 자연 1 경영학과 인문 1
공과대학 경영대학
기술경영학과 인문 1
컴퓨터공학부 자연 2
부동산과학원 부동산학과 인문 1
재료공학과 자연 1
동물자원·식품과학·유통학부 자연 2
항공우주·모빌리티공학과 자연 1
생명과학대학 환경보건·산림조경학부 자연 1
생물공학과 자연 1 식량자원과학과 자연 1
2. 지원자격
「 」
• 고등교육법 시행령 제29조 제2항 제14호 ‘나’목에 해당하는 자
「 」
• 초·중등교육법 시행령 제91조 제1항에 따른 특성화고등학교 중 자연현장실습 등 체험위주의 교육을 전문으로 실시하는 고등학교를
「 」
제외한 학교( 초·중등교육법 시행령 제76조의3 제1호에 따른 일반고등학교에 설치된 학과 중 특성화고등학교에서 제공하는 것과 같은
교육과정으로 운영되는 학과를 포함)에 입학하여 원서접수 마감일 현재 졸업(예정)자로서, 해당 고교에서 본인이 이수한 학과의 기준학과가
지원 모집단위에서 제시한 기준학과를 충족한 자
- 신입학이 아닌 경우 특성화고의 1학년 1학기 성적부터 있어야 함
- 기준학과명이 명시되어 있지 않을지라도 특성화고교에서 이수한 교과목이 해당 모집단위와 관련된 전문교과 30단위 이상을 이수한 경우,
소속 고교장이 인정하여 추천한 자는 지원 가능함
- 특성화고등학교는 특성화고 및 특성화고와 같은 교육과정을 운영하는 학과가 있는 일반고(종합고)를 의미함
- 종합고의 일반고 교육과정 졸업(예정)자는 대상에서 제외됨
- 산업수요맞춤형고등학교(마이스터고등학교) 졸업생은 특성화고교졸업자 특별전형 대상에서 제외됨
- 동일계열 이수단위 수, 이수교과목 등을 서류평가에 반영함
36 건국대학교 서울캠퍼스"
Page,37,"KU•SEOUL•CAMPUS
※ 모집단위별 기준학과: 2015 개정교육과정 기준학과
대학 모집단위 계열 기준학과
토목과, 건축시공과, 조경과, 디자인과, 문화콘텐츠과, 농업토목과, 산업설비과,
건축대학 건축학부 자연
산업안전과
토목과, 건축시공과, 조경과, 디자인과, 문화콘텐츠과, 농업토목과, 환경보건과,
사회환경공학부 자연
산업안전과, 산림자원과, 농업기계과
기계과, 냉동공조과, 자동차과, 조선과, 항공과, 금속재료과, 세라믹과, 산업설비과,
기계·로봇·자동차공학부 자연
전기과, 전자과, 농업기계과, 항해과, 기관과, 정보컴퓨터과, 산업안전과
전기과, 전자과, 기계과, 냉동공조과, 자동차과, 조선과, 항공과, 디자인과,
전기전자공학부 자연
문화콘텐츠과, 방송·통신과, 정보컴퓨터과, 산업안전과
화학공업과, 금속재료과, 세라믹과, 산업설비과, 식품가공과, 환경보건과, 산업안전과,
화공학부 자연
섬유과
공과대학
디자인과, 문화콘텐츠과, 기계과, 방송·통신과, 정보컴퓨터과, 항해과, 전자과,
컴퓨터공학부 자연
산업안전과
화학공업과, 금속재료과, 세라믹과, 산업설비과, 식품가공과, 환경보건과, 산업안전과,
재료공학과 자연
섬유과
기계과, 냉동공조과, 자동차과, 조선과, 항공과, 금속재료과, 세라믹과, 산업설비과,
항공우주·모빌리티공학과 자연
전기과, 전자과, 농업기계과, 항해과, 기관과, 정보컴퓨터과, 산업안전과
생물공학과 자연 식품가공과, 환경보건과, 산업안전과, 해양생산과, 수산양식과
정치외교학과 인문 경영·사무과, 재무·회계과, 유통과, 금융과, 판매과, 정보컴퓨터과
경영·사무과, 재무·회계과, 유통과, 금융과, 판매과, 정보컴퓨터과, 보육과, 사회복지과,
경제학과 인문
보건간호과
사회과학대학 경영·사무과, 재무·회계과, 유통과, 금융과, 판매과, 정보컴퓨터과, 보육과, 사회복지과,
행정학과 인문
보건간호과
국제무역학과 인문 경영·사무과, 재무·회계과, 유통과, 금융과, 판매과, 정보컴퓨터과
응용통계학과 인문 경영·사무과, 재무·회계과, 유통과, 금융과, 판매과, 정보컴퓨터과
경영학과 인문 경영·사무과, 재무·회계과, 유통과, 금융과, 판매과, 정보컴퓨터과, 문화콘텐츠과
경영대학
경영·사무과, 재무·회계과, 유통과, 금융과, 판매과, 정보컴퓨터과, 해양레저과, 항해과,
기술경영학과 인문
기관과
부동산과학원 부동산학과 인문 경영·사무과, 재무·회계과, 유통과, 금융과, 판매과, 정보컴퓨터과
농업과, 원예과, 농업기계과, 농업토목과, 동물자원과, 식품가공과, 유통과,
동물자원·식품과학·유통학부 자연
화학공업과, 해양생산과, 수산양식과
환경보건과, 산업안전과, 농업과, 원예과, 산림자원과, 농업기계과, 농업토목과,
생명과학대학 환경보건·산림조경학부 자연
식품가공과, 조경과
농업과, 원예과, 농업기계과, 농업토목과, 식품가공과, 유통과, 화학공업과,
식량자원과학과 자연
해양생산과, 수산양식과
2025학년도 수시모집요강 37"
Page,38,"KU•SEOUL•CAMPUS
3. 전형방법
사정단계 서류 학생부(교과정량) 합계 수능최저학력기준
일괄합산 700(70%) 300(30%) 1,000(100%) 없음
「 」 「 」
※ P.60 Ⅵ. 학생부위주전형 안내 및 P.65 Ⅶ. 학생부(교과정량) 반영방법 참고
4. 전형요소별 실질 반영비율
전형요소 최고점 최저점 차이 실질 반영비율
서류 700 0 700 70%
학생부(교과정량) 300 0 300 30%
5. 평가요소 및 평가항목
평가요소 반영비율 평가항목
학업역량 30% 학업성취도 / 학업태도 / 탐구력
진로역량 40% 전공(계열) 관련 교과 이수 노력 / 전공(계열) 관련 교과 성취도 / 진로 탐색 활동과 경험
공동체역량 30% 협업과 소통능력 / 나눔과 배려 / 성실성과 규칙준수 / 리더십
6. 선발원칙
• 학 생부(교과정량)와 서류 점수를 합산하여 총점 석차순으로 모집단위별 모집인원 선발
• 서 류 점수가 일정 수준 이하인 경우 선발대상에서 제외
• 제 출서류를 기한 내에 제출하지 않은 경우 선발대상에서 제외
• 학 교폭력 조치사항 기재 항목에 따른 감점표를 활용하여 총점에서 감점
7. 전형일정
구분 일정
원서접수 2024. 9. 9.(월) 10:00 ~ 9. 12.(목) 17:00
서류제출(PDF 업로드) 2024. 9. 9.(월) 10:00 ~ 9. 13.(금) 17:00
최초합격자 발표 2024. 12. 13.(금) 14:00 예정
38 건국대학교 서울캠퍼스"
Page,39,"KU•SEOUL•CAMPUS
8. 제출서류
가. 공통서류
• 모 든 제출서류는 2024. 9. 1.(일) 이후 발급분 제출
• 2 024. 9. 13.(금) 17:00까지 원서접수 사이트에서 서류제출(PDF 업로드) / 우편 및 방문 제출 불가
※ 최종등록자에 한하여 PDF 제출서류의 원본을 요청할 예정이므로 반드시 해당 서류를 보관하여야 함
제출서류 비고
·서류제출(PDF 업로드) 불필요
※ 대상: 2017년 2월 ~ 2025년 2월 졸업(예정)자
온라인 제공 동의자
※ 2 005년 2월 ~ 2016년 2월 졸업자 중 희망자의 경우 온라인 생성 신청 시스템
(apply.neis.go.kr)을 통해 대입전형자료 온라인 신청 가능
학교생활기록부
·대 입전형용 학교생활기록부 1부
온라인 제공
·교 육기관(초·중·고교), 공공기관, 무인민원발급기, 인터넷 발급
미동의자 및 불가자
·원 서접수 사이트에서 서류제출(PDF 업로드)
※ 서류접수 기간 이후 학교생활기록부 수정사항 제출 시 반영하지 않음
※ 개 명 또는 주민등록번호 변경으로 인하여 제출서류(고교 학교생활기록부 등)와 입학원서 상 인적사항이 일치하지 않는 지원자는 ‘주민등록표초본’
1부를 제출해야 함
나. 추가 제출서류
대상 제출서류 제출방법
모집단위별 기준학과와
·본 교 양식을 입학처 홈페이지에서 다운로드하여 작성한 후,
일치하지 않는 지원자
기준학과 인정 확인서
출신 고등학교장 직인 날인 후 PDF 업로드
2014년 이전 졸업자
9. 동점자 처리기준
순위 항목
1순위 서류 진로역량 점수 우수자
2순위 서류 학업역량 점수 우수자
3순위 서류 공동체역량 점수 우수자
4순위 학생부(교과정량) 성적 총점 우수자
5순위 국어 교과 성적 우수자
2025학년도 수시모집요강 39"
Page,40,"KU•SEOUL•CAMPUS
학생부종합 특성화고졸재직자
1. 모집단위 및 모집인원: 총 130명
대학 모집단위 계열 인원
신산업융합학과 인문 100
공과대학
K뷰티산업융합학과 예체능 30
2. 지원자격
「 」
• 고등교육법시행령 제29조 제2항 제14호 ‘다’목에 따라 다음 각 호 중 하나에 해당하는 자로서, 산업체※ 에서 근무경력이 3년 이상인 재직자
※산업체의 범위
· 근로기준법 제11조에 의거 상시근로자 5인(사업주 포함) 이상 사업체 재직자
· 4 대 보험 가입 대상사업체가 아닌 산업체 종사자(농업, 수산업 등)는 국가, 지방자치단체가 발급하는 공적증명서(농지원부 등) 확인을 통해
인정받은 자
· 4대 보험 중 1개 이상 가입 사업체(창업·자영업자 포함) 재직자
· 국가·지방자치단체 및 공공단체 재직자
1. 다음의 어느 하나에 해당하는 사람일 것
「 」 「 」
가) 초·중등교육법 시행령 제76조의3 제1호에 따른 일반고등학교에 재학하는 동안 시·도 교육감이 직업교육훈련촉진법에 따른
직업교육훈련기관 중 직업교육훈련위탁기관으로 선정한 기관에서 1년 이상의 직업교육훈련과정을 이수하고 해당 일반고등학교를
졸업한 사람
「 」
나) 초·중등교육법 시행령 제90조 제1항 제10호에 따른 산업수요 맞춤형 고등학교를 졸업한 사람
「 」
다) 특 성화고등학교 등을 졸업한 사람: 초·중등교육법 시행령 제91조 제1항에 따른 특성화고등학교 중 자연현장실습 등 체험위주의
「 」
교육을 전문으로 실시하는 고등학교를 제외한 학교(초·중등교육법 시행령 제76조의3 제1호에 따른 일반고등학교에 설치된 학과 중
특성화고등학교에서 제공하는 것과 같은 교육과정으로 운영되는 학과 포함)를 졸업한 사람
「 」
라) 평생교육법 제31조 제2항에 따른 학력인정 평생교육시설 중 특성화고등학교 등에서 제공하는 것과 같은 교육과정을 운영하는
평생교육시설에서 해당 교육과정을 이수한 사람
2. 다음의 어느 하나에 해당하는 산업체 근무 경력 기간의 합이 3년 이상일 것
가) 1 의 가)부터 라)까지의 규정에 따라 학교를 졸업하거나 평생교육시설의 교육과정을 이수하기 전의 기간으로서 해당 학교나
평생교육시설에 재학하지 않은 기간 중에 산업체에서 근무한 기간
나) 1의 가)부터 라)까지의 규정에 따라 학교를 졸업하거나 평생교육시설의 교육과정을 이수하기 직전 학기의 재학 중에 산업체에서 근무한 기간
다) 1의 가)부터 라)까지의 규정에 따라 학교를 졸업하거나 평생교육시설의 교육과정을 이수한 후 산업체에서 근무한 기간
※ 군 의무복무 경력은 재직기간에 포함
※ 재직기간은 3년(365일×3년)이며, 2025년 2월 28일까지를 기준으로 함
3. 전형방법
사정단계 서류 학생부(교과정량) 합계 수능최저학력기준
일괄합산 700(70%) 300(30%) 1,000(100%) 없음
「 」 「 」
※ P.60 Ⅵ. 학생부위주전형 안내 및 P.65 Ⅶ. 학생부(교과정량) 반영방법 참고
40 건국대학교 서울캠퍼스"
Page,41,"KU•SEOUL•CAMPUS
4. 전형요소별 실질 반영비율
전형요소 최고점 최저점 차이 실질 반영비율
서류 700 0 700 70%
학생부(교과정량) 300 0 300 30%
5. 평가요소 및 평가항목
평가요소 반영비율 평가항목
학업역량 30% 학업성취도 / 학업태도 / 탐구력
진로역량 40% 전공(계열) 관련 교과 이수 노력 / 전공(계열) 관련 교과 성취도 / 진로 탐색 활동과 경험
공동체역량 30% 협업과 소통능력 / 나눔과 배려 / 성실성과 규칙준수 / 리더십
6. 선발원칙
• 학 생부(교과정량)와 서류 점수를 합산하여 총점 석차순으로 모집단위별 모집인원 선발
• 제 출서류를 기한 내에 제출하지 않은 경우 선발대상에서 제외
• 서 류 점수가 일정 수준 이하인 경우 선발대상에서 제외
• 학 교폭력 조치사항 기재 항목에 따른 감점표를 활용하여 총점에서 감점
7. 전형일정
구분 일정
원서접수 2024. 9. 9.(월) 10:00 ~ 9. 12.(목) 17:00
서류제출(PDF 업로드) 2024. 9. 9.(월) 10:00 ~ 9. 13.(금) 17:00
최초합격자 발표 2024. 12. 13.(금) 14:00 예정
8. 제출서류
가. 공통서류
• 모 든 제출서류는 2024. 9. 1.(일) 이후 발급분 제출
• 2 024. 9. 13.(금) 17:00까지 원서접수 사이트에서 서류제출(PDF 업로드) / 우편 및 방문 제출 불가
※ 최종등록자에 한하여 PDF 제출서류의 원본을 요청할 예정이므로 반드시 해당 서류를 보관하여야 함
제출서류 비고
·서류제출(PDF 업로드) 불필요
※ 대상: 2017년 2월 ~ 2025년 2월 졸업(예정)자
온라인 제공 동의자
※ 2 005년 2월 ~ 2016년 2월 졸업자 중 희망자의 경우 온라인 생성 신청 시스템
학교생활기록부 (apply.neis.go.kr)을 통해 대입전형자료 온라인 신청 가능
·대입전형용 학교생활기록부 1부
온라인 제공
·교육기관(초·중·고교), 공공기관, 무인민원발급기, 인터넷 발급
미동의자 및 불가자
·원서접수 사이트에서 서류제출(PDF 업로드)
※ 서류접수 기간 이후 학교생활기록부 수정사항 제출 시 반영하지 않음
※ 개 명 또는 주민등록번호 변경으로 인하여 제출서류(고교 학교생활기록부 등)와 입학원서 상 인적사항이 일치하지 않는 지원자는 ‘주민등록표초본’
1부를 제출해야 함
2025학년도 수시모집요강 41"
Page,42,"KU•SEOUL•CAMPUS
※
나. 지원자격별 서류
제출서류 비고
·정부24 또는 국민건강보험공단 홈페이지에서 발급
※ 지원자격 해당기간 내 모든 사업장 명칭 및 자격 취득·상실일이 기재되어 있어야 함
국민건강보험 자격득실확인서 ·국 민건강보험자격득실확인서를 완비할 수 없는 경우, 국민연금가입증명서(기관제출용) 또는
(재직기간 포함) 고용·산재보험 자격이력내역서(근로자용) 중 선택하여 1부 제출
·4 대 보험 가입 대상 사업체가 아닌 산업체 종사자(농업, 수산업)는 농지대장, 영농사실확인서
등 국가·지방자치단체가 발행하는 공적증명서 1부 제출
[해당자에 한함]
·군 의무복무 기간을 포함하여 재직기간이 3년 이상인 재직자 제출
주민등록표초본
※ 원서접수 시 군 의무복무 중일 경우, 병적증명서 또는 복무확인서 제출
(병역사항 포함)
※ 지원자격 서류를 통해 2024. 9. 1.(월) 및 2025. 3. 1.(토) 기준 재직상태임을 확인할 수 있어야 함
다. 최종등록자 추가 제출서류
학생부종합(특성화고졸재직자) 최종등록자는 재직상태 확인을 위한 서류를 추가 제출해야 하며,
미제출 시 입학 이후라도 입학이 취소될 수 있음
· 제출기한: 2025. 3. 7.(금)까지(마감일 우편소인 인정)
· 제출서류: 지원자격 증빙서류 [발급기준일: 2025. 3. 1.(토) 이후]
· 제출방법: 입학처로 우편 제출(방문 제출 불가)
9. 동점자 처리기준
순위 항목
1순위 서류 진로역량 점수 우수자
2순위 서류 학업역량 점수 우수자
3순위 서류 공동체역량 점수 우수자
4순위 학생부(교과정량) 성적 총점 우수자
5순위 국어 교과 성적 우수자
42 건국대학교 서울캠퍼스"
Page,43,"KU•SEOUL•CAMPUS
학생부종합 특수교육대상자
1. 모집단위 및 모집인원: 총 20명
대학 모집단위 계열 인원 대학 모집단위 계열 인원
국어국문학과 인문 정치외교학과 인문
영어영문학과 인문 경제학과 인문
중어중문학과 인문 사회과학대학 행정학과 인문 8
철학과 인문 국제무역학과 인문
문과대학 8
사학과 인문 응용통계학과 인문
지리학과 인문 경영학과 인문
경영대학
미디어커뮤니케이션학과 인문 기술경영학과 인문 4
문화콘텐츠학과 인문 부동산과학원 부동산학과 인문
2. 지원자격
「 」
• 국 내 고등학교 졸업(예정)자 또는 법령에 의하여 이와 동등 이상의 학력이 있다고 인정된 자로서 원서접수 마감일 현재 장애인복지법
「 」
제32조에 의해 등록이 되어 있는 자 또는 국가유공자 예우 및 지원에 관한 법률 제4조 및 제6조에 의해 상이등급자로 등록이 되어 있는 자
3. 전형방법
사정단계 서류 면접 합계 선발배수 수능최저학력기준
1단계 1,000(100%) - 1,000(100%) 3배수
없음
2단계 1단계 성적 700(70%) 300(30%) 1,000(100%) -
「 」
※ P.60 Ⅵ. 학생부위주전형 안내 참고
4. 전형요소별 실질 반영비율
사정단계 전형요소 최고점 최저점 차이 실질 반영비율
1단계 서류 1,000 0 1,000 100%
1단계 성적 700 0 700 70%
2단계
면접 300 0 300 30%
2025학년도 수시모집요강 43"
Page,44,"KU•SEOUL•CAMPUS
5. 평가요소 및 평가항목
가. 서류
평가요소 반영비율 평가항목
학업역량 30% 학업성취도 / 학업태도 / 탐구력
진로역량 40% 전공(계열) 관련 교과 이수 노력 / 전공(계열) 관련 교과 성취도 / 진로 탐색 활동과 경험
공동체역량 30% 협업과 소통능력 / 나눔과 배려 / 성실성과 규칙준수 / 리더십
나. 면접: 제출서류에 기초한 개별면접(10분)
평가요소 반영비율 평가항목
학업역량 30% 탐구력
진로역량 40% 전공(계열) 관련 교과 이수 노력 / 진로 탐색 활동과 경험
공동체역량 30% 협업과 소통능력 / 나눔과 배려
6. 선발원칙
• 1 단계: 서류 점수 석차순으로 모집단위별 모집인원의 3배수 면접대상자 선발
• 2 단계: 총점 석차순(1단계 성적 70% + 면접 30%)으로 모집단위별 모집인원 최종 선발
• 제 출서류를 기한 내에 제출하지 않은 경우 선발대상에서 제외
• 면 접대상자 중 면접결시자와 면접평가 점수가 일정 수준 이하인 경우 선발대상에서 제외
• 학 교폭력 조치사항 기재 항목에 따른 감점표를 활용하여 총점에서 감점
7. 전형일정
구분 일정
원서접수 2024. 9. 9.(월) 10:00 ~ 9. 12.(목) 17:00
2024. 9. 9.(월) 10:00 ~ 9. 13.(금) 17:00
서류제출(PDF 업로드) 및 온라인 입력
※ 학교생활기록부 대체 서식(해당자) 온라인 입력
1단계 합격자 발표 2024. 11. 15.(금) 14:00 예정
2단계 전형료 납부 1단계 합격자 발표 이후 ~ 2024. 11. 18.(월) 17:00
※
면접 2024. 11. 30.(토)
최초합격자 발표 2024. 12. 13.(금) 14:00 예정
※ 면 접 고사장, 입실 시간 등 면접 관련 자세한 사항은 2단계 전형료 납부 후, 면접 3~4일 전 본교 입학처 홈페이지를 통해 확인할 수 있으며,
수험생별 면접 일자 및 시간은 변경 불가
※ 면 접은 오전 / 오후 각 4타임(1타임 60분)으로 진행할 예정이며 입실 및 면접 종료 시간이 타임별로 상이
- 오전 면접은 8:00 입실 시작 ~ 13:30 종료 예정 / 오후 면접은 13:30 입실 시작 ~ 19:00 종료 예정(변동 가능)
44 건국대학교 서울캠퍼스"
Page,45,"KU•SEOUL•CAMPUS
8. 제출서류
가. 공통서류
• 모 든 제출서류는 2024. 9. 1.(일) 이후 발급분 제출
• 2 024. 9. 13.(금) 17:00까지 원서접수 사이트에서 서류제출(PDF 업로드) / 우편 및 방문 제출 불가
※ 최종등록자에 한하여 PDF 제출서류의 원본을 요청할 예정이므로 반드시 해당 서류를 보관하여야 함
대상 제출서류
·서류제출(PDF 업로드) 불필요
학생부 온라인 제공 ※ 대상: 2017년 2월 ~ 2025년 2월 졸업(예정)자
동의자 ※ 2 005년 2월 ~ 2016년 2월 졸업자 중 희망자의 경우 온라인 생성 신청 시스템
국내 정규 고등학교
(apply.neis.go.kr)을 통해 대입전형자료 온라인 신청 가능
졸업(예정)자
·대입전형용 학교생활기록부 1부
학생부 온라인 제공
·교육기관(초·중·고교), 공공기관, 무인민원발급기, 인터넷 발급
미동의자 및 불가자
·원서접수 사이트에서 서류제출(PDF 업로드)
검정고시 자료 온라인
·서류제출(PDF 업로드) 불필요
제공 동의자
고등학교 졸업학력
검정고시 출신자1) 검정고시 자료 온라인
·고등학교 졸업학력 검정고시 합격증명서 1부
제공 미동의자 및
·원서접수 사이트에서 서류제출(PDF 업로드)
불가자
·국외 고등학교 졸업(예정)증명서 1부
·국외 고등학교 성적증명서 1부
국외 고등학교 출신자1)
※ 국외 고교 출신자 제출서류 안내(P.59) 필독
·원서접수 사이트에서 서류제출(PDF 업로드)
※ 서류접수 기간 이후 학교생활기록부 수정사항 제출 시 반영하지 않음
※ 개 명 또는 주민등록번호 변경으로 인하여 제출서류(고교 학교생활기록부 등)와 입학원서 상 인적사항이 일치하지 않는 지원자는 ‘주민등록표초본’
1부를 제출해야 함
1) 추가 서류제출 안내
대상 제출서류 제출방법 및 기한
고등학교 졸업학력 검정고시 출신자
·원서접수 시 온라인 입력
학교생활기록부 대체 서식
·2024. 9. 9.(월) 10:00 ~ 9. 13.(금) 17:00
국외 고등학교 출신자
검정고시 및 국외 고등학교 출신자 중 국내 [대상자만] ·원서접수 사이트에서 서류제출(PDF 업로드)
※
학교생활기록부가 있는 자 대입전형용 학교생활기록부 1부 ·2024. 9. 9.(월) 10:00 ~ 9. 13.(금) 17:00
※ 학교폭력 조치사항 확인을 위하여 ‘검정고시 및 국외고 출신자’ 중 국내 고교 학교생활기록부가 있는 자는 국내 고교 학교생활기록부를
제출해야 함
나. 지원자격별 서류
구분 제출서류 비고
장애인등록자 장애인증명서 ·정부24(www.gov.kr), 무인민원발급기에서 발급
·정부24(www.gov.kr) 또는 국가보훈처 발행
상이등록자 국가유공자확인원
※ 상이등급이 기재되어 있어야 함
2025학년도 수시모집요강 45"
Page,46,"KU•SEOUL•CAMPUS
9. 동점자 처리기준
순위 1단계 기준 2단계 기준
1순위 서류 진로역량 점수 우수자 면접 진로역량 점수 우수자
2순위 서류 학업역량 점수 우수자 면접 공동체역량 점수 우수자
3순위 서류 공동체역량 점수 우수자 면접 학업역량 점수 우수자
4순위 - 서류 진로역량 점수 우수자
5순위 - 서류 학업역량 점수 우수자
46 건국대학교 서울캠퍼스"
Page,47,"KU•SEOUL•CAMPUS
논술 KU논술우수자
1. 모집단위 및 모집인원: 총 395명
고사계열 고사계열
단과대학 모집단위 인원 단과대학 모집단위 인원
[고사시간] [고사시간]
수학과 8 KU
자유전공학부 KU
KU자유전공학부* 69
물리학과 11 [14:00 자유전공학부
이과대학
~15:40]
화학과 4
국어국문학과 5
이과대학자유전공학부 11
건축대학 건축학부 8 영어영문학과 3
사회환경공학부 10
중어중문학과 5
기계·로봇·자동차공학부 7
철학과 3
전기전자공학부 11
인문사회Ⅰ
화공학부 6 [17:40 문과대학 사학과 3
~19:20]
컴퓨터공학부 8
지리학과 3
공과대학
재료공학과 5
미디어커뮤니케이션학과 6
항공우주·모빌리티공학과 5
자연 생물공학과 7 문화콘텐츠학과 3
[09:20
~11:00] 산업공학과 3 문과대학자유전공학부 14
공과대학자유전공학부 35
정치외교학과 4
첨단바이오공학부 5
경제학과 8
시스템생명공학과 3
융합과학
기술원
융합생명공학과 3 행정학과 6
사회과학대학
융합과학기술원자유전공학부 8
국제무역학과 7
동물자원·식품과학·유통학부 10 인문사회Ⅱ
[17:40 응용통계학과 4
환경보건·산림조경학부 3
~19:20]
생명과학대학 생명과학특성학과 4 사회과학대학융합전공학부 25
식량자원과학과 3
경영학과 16
경영대학
생명과학대학자유전공학부 12
기술경영학과 4
수의과대학 수의예과 6
부동산과학원 부동산학과 5
사범대학 수학교육과 6
*KU자유전공학부는 무전공 모집단위임
2025학년도 수시모집요강 47"
Page,48,"KU•SEOUL•CAMPUS
2. 지원자격
• 국 내·외 고등학교 졸업(예정)자 또는 법령에 의하여 이와 동등 이상의 학력이 있다고 인정된 자
※ 수능최저학력기준 있음
3. 전형방법 및 수능최저학력기준
사정단계 논술 합계 수능최저학력기준
인문
자연 국, 수, 영, 사/과탐(1과목) 중 2개 등급 합 5, [한국사 5등급]
일괄합산 1,000(100%) 1,000(100%)
KU자유전공학부
수의예과 국, 수, 영, 사/과탐(1과목) 중 3개 등급 합 4, [한국사 5등급]
※ 수능최저학력기준의 모든 반영 영역에 응시하여야 함
※ 영역별 선택과목 제한 없음
※ 사/과탐: 2과목을 응시하여 그 중 높은 과목 반영
4. 전형요소별 실질 반영비율
사정단계 전형요소 최고점 최저점 차이 실질 반영비율
일괄합산 논술 1,000 0 1,000 100%
5. 선발원칙
• 수 능최저학력기준을 충족한 자 중에서 모집단위별 총점에 의한 석차순으로 선발
• 제 출서류를 기한 내에 제출하지 않은 경우 선발대상에서 제외
• 논 술고사에 결시한 경우 선발대상에서 제외
• 학 교폭력 조치사항 기재항목에 따른 감점표를 활용하여 총점에서 감점
6. 출제유형 및 평가방법
계열 인문사회Ⅰ 인문사회Ⅱ
고사시간 100분 100분
문항 수 2문항 4문항
1번 2번 1번 2-1번 2-2번 2-3번
문항배점
40% 60% 40% 15% 20% 25%
글자 수 401~600자 801~1,000자 401~600자 -
국어, 사회 국어, 사회 수학, 사회
출제범위
·(1번) 국어, 사회 교과 분야의 다양한 지문
·국 어, 사회 교과 분야의 다양한 지문
·(2번) 수학, 수학Ⅰ, 수학Ⅱ, 확률과통계
48 건국대학교 서울캠퍼스"
Page,49,"KU•SEOUL•CAMPUS
계열 자연 KU자유전공학부
고사시간 100분 100분
문항 수 4문항 4문항
1번 2번 3번 4번 1번 2-1번 2-2번 2-3번
문항배점
난이도에 따라 차등하여 배점 40% 15% 20% 25%
글자 수 - 401~600자 -
수학 국어, 통합사회 수학
출제범위
·(1번) 국어, 통합사회 교과 분야의 다양한 지문
·수 학, 수학Ⅰ, 수학Ⅱ, 확률과통계, 미적분, 기하
·(2번) 수학, 수학Ⅰ, 수학Ⅱ
고사계열 출제 및 평가방법
·도표 자료가 포함된 국어, 사회 교과 분야의 다양한 지문을 바탕으로 종합적인 사고를 측정할 수 있도록 출제
인문사회Ⅰ ·사고의 최종적 결과물 외에 사고과정까지 평가할 수 있도록 출제
·국어, 사회 교과 분야 지문을 바탕으로 이해력, 분석력, 논증력, 창의성, 표현력 등 평가
·지문 제시형과 수리 논증형을 복합한 형태로 출제
·사고의 최종적 결과물 외에 사고과정까지 평가할 수 있도록 출제
인문사회Ⅱ
·국어, 사회 교과 분야 지문을 바탕으로 이해력, 논증력, 표현력 등 평가
·수리적 분석을 요하는 자료를 통해 논리적 사고력과 문제해결 능력 평가
·고교 교육과정에서 습득한 수리, 자연계 관련 지문 제시, 이를 근거로 출제
자연 ·사고와 추론의 최종적 결과물뿐만 아니라 추론과정까지 평가할 수 있도록 출제
·다양한 내용의 지문을 바탕으로 통합적 이해력, 논증력, 표현력, 추론능력 평가
·국어, 통합사회 교과 분야 지문을 바탕으로 이해력, 논증력, 표현력 등 평가
KU자유전공학부 ·고교 교육과정에서 습득한 수리, 자연계 관련 지문 제시, 이를 근거로 출제
·사고와 추론의 최종적 결과물뿐만 아니라 추론과정까지 평가할 수 있도록 출제
※ 고등학교 교육과정의 범위와 수준 내에서 출제
7. 전형일정
구분 일정
원서접수 2024. 9. 9.(월) 10:00 ~ 9. 12.(목) 17:00
서류제출(PDF업로드) 2024. 9. 9.(월) 10:00 ~ 9. 13.(금) 17:00
자연 2024. 11. 16.(토) 9:20~11:00
※ 고 사장 및 입실완료 시간은 고사 3~4일 전
논술고사 KU자유전공학부 2024. 11. 16.(토) 14:00~15:40
본교 입학처 홈페이지에 공고
인문사회(Ⅰ, Ⅱ) 2024. 11. 16.(토) 17:40~19:20
최초합격자 발표 2024. 12. 13.(금) 14:00 예정
2025학년도 수시모집요강 49"
Page,50,"KU•SEOUL•CAMPUS
8. 제출서류
• 모 든 제출서류는 2024. 9. 1.(일) 이후 발급분 제출
• 2 024. 9. 13.(금) 17:00까지 원서접수 사이트에서 서류제출(PDF 업로드) / 우편 및 방문 제출 불가
※ 최종등록자에 한하여 PDF 제출서류의 원본을 요청할 예정이므로 반드시 해당 서류를 보관하여야 함
대상 제출서류
·서류제출(PDF 업로드) 불필요
학생부 온라인 제공 ※ 대상: 2017년 2월 ~ 2025년 2월 졸업(예정)자
동의자 ※ 2 005년 2월 ~ 2016년 2월 졸업자 중 희망자의 경우 온라인 생성 신청 시스템
국내 정규 고등학교 (apply.neis.go.kr)을 통해 대입전형자료 온라인 신청 가능
졸업(예정)자
·대입전형용 학교생활기록부 1부
학생부 온라인 제공
·교육기관(초·중·고교), 공공기관, 무인민원발급기, 인터넷 발급
미동의자 및 불가자
·원서접수 사이트에서 서류제출(PDF 업로드)
검정고시 자료
·서류제출(PDF 업로드) 불필요
온라인 제공 동의자
고등학교 졸업학력
검정고시 출신자1) 검정고시 자료
·고등학교 졸업학력 검정고시 합격증명서 1부
온라인 제공
·원서접수 사이트에서 서류제출(PDF 업로드)
미동의자 및 불가자
·국외 고등학교 졸업(예정)증명서 1부
·국외 고등학교 성적증명서 1부
국외 고등학교 출신자1)
※ 국외 고교 출신자 제출서류 안내(P.59) 필독
·원서접수 사이트에서 서류제출(PDF 업로드)
※ 서류접수 기간 이후 학교생활기록부 수정사항 제출 시 반영하지 않음
※ 개 명 또는 주민등록번호 변경으로 인하여 제출서류(고교 학교생활기록부 등)와 입학원서 상 인적사항이 일치하지 않는 지원자는 ‘주민등록표초본’
1부를 제출해야 함
1) 추가 서류제출 안내
대상 제출서류 제출방법 및 기한
검정고시 및 국외 고등학교 출신자 중 [대상자만] ·원서접수 사이트에서 서류제출(PDF 업로드)
※
국내 학교생활기록부가 있는 자 대입전형용 학교생활기록부 1부 ·2024. 9. 9.(월) 10:00 ~ 9. 13.(금) 17:00
※ 학교폭력 조치사항 확인을 위하여 ‘검정고시 및 국외고 출신자’ 중 국내 고교 학교생활기록부가 있는 자는 국내 고교 학교생활기록부를
제출해야 함
9. 동점자 처리기준
순위 인문사회Ⅰ 인문사회Ⅱ·KU자유전공학부 자연
1순위 2번(60%) 문항 고득점자 1번(40%) 문항 고득점자 배점비율이 가장 높은 문항 고득점자
2순위 원채점자 간 2번 문항 점수 편차가 작은 득점자 2-3번(25%) 문항 고득점자 배점비율이 두 번째 높은 문항 고득점자
3순위 원채점자 간 총점 편차가 작은 득점자 2-2번(20%) 문항 고득점자 배점비율이 세 번째 높은 문항 고득점자
4순위 - 배점비율이 가장 높은 문항의 원채점자 간 점수 편차가 작은 득점자
5순위 배점비율이 두 번째 높은 문항의 원채점자 간 점수 편차가 작은 득점자
6순위 - 원채점자 간 총점 편차가 작은 득점자
50 건국대학교 서울캠퍼스"
Page,51,"KU•SEOUL•CAMPUS
실기/실적 KU연기우수자
1. 모집단위 및 모집인원: 총 25명
단과대학 모집단위 계열 인원
예술디자인대학 매체연기학과 예체능 25
2. 지원자격
• 국내·외 고등학교 졸업(예정)자 또는 법령에 의하여 이와 동등 이상의 학력이 있다고 인정된 자
- 국내 고교 3학기 이상 학생부(교과정량) 석차등급 산출내역이 있는 자
3. 전형방법
사정단계 학생부(교과정량) 실기 합계 선발배수 수능최저학력기준
1단계 1,000(100%) - 1,000(100%) 25배수
없음
2단계 - 1,000(100%) 1,000(100%) -
「 」
※ 학생부(교과정량) 반영방법에 대한 세부 사항은 P.65 Ⅶ. 학생부(교과정량) 반영방법 참고
• 실 기 내용
실기 종목 소요 시간 연습 시간
자유연기 3분 이내 30분 이내
4. 전형요소별 실질 반영비율
사정단계 전형요소 최고점 최저점 차이 실질 반영비율
1단계 학생부(교과정량) 1,000 0 1,000 100%
2단계 실기 1,000 0 1,000 100%
5. 선발원칙
• 1 단계: 학생부(교과정량) 총점 석차순으로 모집인원의 25배수 선발
• 2 단계: 실기 총점 석차순으로 모집인원 최종 선발
• 제 출서류를 기한 내에 제출하지 않은 경우 선발대상에서 제외
• 실 기에 결시한 경우 선발대상에서 제외
• 학 교폭력 조치사항 기재항목에 따른 감점표를 활용하여 총점에서 감점
2025학년도 수시모집요강 51"
Page,52,"KU•SEOUL•CAMPUS
6. 전형일정
구분 일정
원서접수 2024. 9. 9.(월) 10:00 ~ 9. 12.(목) 17:00
서류제출(PDF 업로드) 2024. 9. 9.(월) 10:00 ~ 9. 13.(금) 17:00
1단계 합격자 발표 2024. 10. 11.(금) 14:00 예정
※ 고 사장 및 입실완료 시간은 고사 3~4일 전
실기 2024. 10. 21.(월) ~ 10. 26.(토)
본교 입학처 홈페이지에 공고
최초합격자 발표 2024. 11. 22.(금) 14:00 예정
7. 제출서류
• 모 든 제출서류는 2024. 9. 1.(일) 이후 발급분 제출
• 2 024. 9. 13.(금) 17:00까지 원서접수 사이트에서 서류제출(PDF 업로드) / 우편 및 방문 제출 불가
※ 최종등록자에 한하여 PDF 제출서류의 원본을 요청할 예정이므로 반드시 해당 서류를 보관하여야 함
대상 제출서류
·서류제출(PDF 업로드) 불필요
학생부 온라인 제공 ※ 대상: 2017년 2월 ~ 2025년 2월 졸업(예정)자
동의자 ※ 2 005년 2월 ~ 2016년 2월 졸업자 중 희망자의 경우 온라인 생성 신청 시스템
국내 정규 고등학교 (apply.neis.go.kr)을 통해 대입전형자료 온라인 신청 가능
졸업(예정)자
·대입전형용 학교생활기록부 1부
학생부 온라인 제공
·교육기관(초·중·고교), 공공기관, 무인민원발급기, 인터넷 발급
미동의자 및 불가자
·원서접수 사이트에서 서류제출(PDF 업로드)
검정고시 자료 온라인
·서류제출(PDF 업로드) 불필요
제공 동의자
고등학교 졸업학력
검정고시 출신자1) 검정고시 자료 온라인
·고등학교 졸업학력 검정고시 합격증명서 1부
제공 미동의자 및
·원서접수 사이트에서 서류제출(PDF 업로드)
불가자
·국외 고등학교 졸업(예정)증명서 1부
1) ·국외 고등학교 성적증명서 1부
국외 고등학교 출신자
※ 국외 고교 출신자 제출서류 안내(P.59) 필독
·원서접수 사이트에서 서류제출(PDF 업로드)
※ 서류접수 기간 이후 학교생활기록부 수정사항 제출 시 반영하지 않음
※ 개명 또는 주민등록번호 변경으로 인하여 제출서류와 입학원서 상 인적사항이 일치하지 않는 지원자는 ‘주민등록표초본’ 1부를 제출해야 함
1) 추가 서류제출 안내
대상 제출서류 제출방법 및 기한
검정고시 및 국외 고등학교 출신자 중 [대상자만] ·원서접수 사이트에서 서류제출(PDF 업로드)
※
국내 학교생활기록부가 있는 자 대입전형용 학교생활기록부 1부 ·2024. 9. 9.(월) 10:00 ~ 9. 13.(금) 17:00
※ 학교폭력 조치사항 확인을 위하여 ‘검정고시 및 국외고 출신자’ 중 국내 고교 학교생활기록부가 있는 자는 국내 고교 학교생활기록부를
제출해야 함
52 건국대학교 서울캠퍼스"
Page,53,"KU•SEOUL•CAMPUS
8. 동점자 처리기준
순위 1단계 기준 2단계 기준
1순위 실기평가 성적 우수자
모집단위별 1단계 선발배수에 해당하는
2순위 학생부(교과정량) 성적 우수자
최종 순위 동점자는 모두 합격
3순위 학생부 반영 교과목 이수단위의 합이 큰 지원자
2025학년도 수시모집요강 53"
Page,54,"KU•SEOUL•CAMPUS
실기/실적 KU체육특기자
1. 모집단위 및 모집인원: 총 13명
모집인원: 13명
대학 모집단위 성별 야구: 8명
테니스 육상
우투수 포수 3루수 유격수 우익수
사범대학 체육교육과 남자 2 1 1 3 1 2 3
2. 지원자격
• 국 내·외 고등학교 졸업(예정)자 또는 법령에 의하여 이와 동등 이상의 학력이 있다고 인정된 자로서 다음 종목별 지원자격 중 하나에
해당하는 자
- 국내 고교 3학기 이상 학생부(교과정량) 성적 산출내역이 있는 자
- 단, 야구와 육상 종목은 고등학교 3학년 재학 중 경기실적이 있어야 함
- 단체종목 지원자는 입학 후 바로 본교 체육부에 소속되어 4년간 선수로 참가하는데 결격사유가 없는 자
종목 지원자격
·고교 3학년 실적 기준
- 대 한야구소프트볼협회에서 인정하는 고교야구 대회*에서 소속팀 경기 숫자의 30% 이상 출전하고 투수 16이닝 이상,
타자 25타석 이상 출전한 자
야구
(단, 타자는 주 수비 포지션**에서 50이닝 이상 출전한 자여야 하며 주 포지션으로 지원해야 함)
*경기실적증명서에 기재된 대회 기준
**주 수비 포지션: 경기실적증명서 기준으로 가장 많은 이닝을 출전한 포지션
·고교 재학 중 다음의 실적을 모두 갖춘 자
- 고 교 재학 중 ITF(국제테니스연맹)에서 인정하는 국제대회 또는 전국 규모의 대회에서 4강 이내의 입상실적이 있는 자
테니스
- 고 교 재학 중 전국 규모의 국내대회(대학, 실업), 국제대회의 단체전, 개인전에 3년 이내 25개 대회 이상 출전한 자
※ 전 대회 출전기록 및 수상 성적을 포함한 경기실적 증명서 제출
·고교 재학 중 다음 중 하나 이상의 실적이 있는 자
- 고 교 재학 중 전국 규모 대회 1,500m, 5,000m, 10,000m, 3,000m 장애물, 10km 종목에서 3위 이내의 입상실적이 있는 자
육상 - 고 교 재학 중 전국 규모 구간 마라톤 대회에서 개인구간 3위 이내의 입상실적이 있는 자(단체 성적 제외)
- 고 교 재학 중 올림픽, 세계선수권, 아시안게임의 1,500m, 5,000m, 10,000m, 3,000m 장애물, 10km 종목에서 국가대표,
국가대표 후보선수로 선발된 자(경보종목 제외)
3. 전형방법
학생부 학생부 수능최저
사정단계 경기실적 면접 합계 선발배수
(교과정량) (출결정량) 학력기준
1단계 1,000(100%) - - - 1,000(100%) 6배수
없음
1단계 성적
2단계 150(15%) 50(5%) 300(30%) 1,000(100%) -
500(50%)
「 」
※ 학생부(교과정량) 반영방법에 대한 세부 사항은 P.65 Ⅶ. 학생부(교과정량) 반영방법 참고
54 건국대학교 서울캠퍼스"
Page,55,"KU•SEOUL•CAMPUS
• 종 목별 실적 평가요소
종목 평가요소 세부 내용
대표 경력 · 고교 재학 중 청소년대표, 프로 지명
· 고교 3학년 재학 중 다음의 항목 수상 시
수상 경력
야구 - 투수: 우수 투수상 / 타자: 타격상, 홈런상, 타점상
· 고교 3학년 재학 중 대학야구소프트볼협회에서 인정하는 고교 야구대회 출전기록에 한함
개인기록
- 투수: 이닝 수, 방어율, 탈삼진 / 타자: 타석 수, 타율
· 고교 재학 중 국가대표, 국가대표 후보선수, 청소년대표, 청소년대표 후보선수
대표 경력
· 4대 메이저대회(주니어대회 포함) 출전
테니스 전국체전 · 참가 경력
전국대회, 국제대회, 4대
· 우승 ~ 4강(개인, 복식, 단체)
메이저대회(주니어대회 포함)
대표 경력 · 국가대표, 국가대표 후보선수
육상 신기록 · 고등부 최고 기록 이상
개인기록 · 1위 ~ 3위까지
※ 실적점수 산출식
(1) 원점수 산출: 기초점수(10점) + ∑종목별 평가요소
(2) 환산점수 산출: 종목(포지션별) 최고득점자 점수를 1,000점 만점으로 하고 나머지 지원자는 최고득점자를 기준으로 환산
• 2 단계 학생부(출결정량) 반영방법
「 」
※ 고교 재학 전체 기간 중 미인정 결석 일수를 구간별로 등급화하여 반영
등급 1 2 3 4 5
미인정 결석 일수 3일 이하 4~6일 7~9일 10~15일 16일 이상
점수 100 90 85 70 0
• 면 접
- 상황판단력, 소통 및 문제해결력, 교직태도 및 교직관, 인성적 자질 등을 종합평가
- 면접위원 구성: 외부위원 1인을 포함하여 3명 이상으로 구성
4. 전형요소별 실질 반영비율
사정단계 전형요소 최고점 최저점 차이 실질 반영비율
1단계 경기실적 1,000 0 1,000 100%
1단계 성적 500 0 500 50%
학생부(교과정량) 150 0 150 15%
2단계
학생부(출결정량) 50 0 50 5%
면접 300 0 300 30%
2025학년도 수시모집요강 55"
Page,56,"KU•SEOUL•CAMPUS
5. 선발원칙
• 1 단계: 경기실적 총점에 의한 석차순으로 종목별(포지션별) 모집인원의 6배수 선발
• 2 단계: 총 점 석차순(1단계 성적 50% + 학생부(교과정량) 15% + 학생부(출결정량) 5% + 면접 30%)으로 종목별(포지션별) 모집인원
최종 선발
• 제 출서류를 기한 내에 제출하지 않은 경우 선발대상에서 제외
• 면 접대상자 중 면접결시자는 선발대상에서 제외
• 학 교폭력 조치사항 기재항목에 따른 감점표를 활용하여 총점에서 감점
6. 전형일정
구분 일정
원서접수 2024. 9. 9.(월) 10:00 ~ 9. 12.(목) 17:00
서류제출(PDF 업로드) 2024. 9. 9.(월) 10:00 ~ 9. 13.(금) 17:00
1단계 합격자 발표 2024. 10. 11.(금) 14:00 예정
면접 2024. 11. 2.(토) ※ 고 사장 및 입실완료 시간은 고사 3~4일 전 교 입학처 홈페이지에 공고
최초합격자 발표 2024. 11. 22.(금) 14:00 예정
7. 제출서류
가. 공통서류
• 모 든 제출서류는 2024. 9. 1.(일) 이후 발급분 제출
• 2 024. 9. 13.(금) 17:00까지 원서접수 사이트에서 서류제출(PDF 업로드) / 우편 및 방문 제출 불가
※ 최종등록자에 한하여 PDF 제출서류의 원본을 요청할 예정이므로 반드시 해당 서류를 보관하여야 함
대상 제출서류
·서류제출(PDF 업로드) 불필요
학생부 온라인 제공 ※ 대상: 2017년 2월 ~ 2025년 2월 졸업(예정)자
동의자 ※ 2 005년 2월 ~ 2016년 2월 졸업자 중 희망자의 경우 온라인 생성 신청 시스템
국내 정규 고등학교 (apply.neis.go.kr)을 통해 대입전형자료 온라인 신청 가능
졸업(예정)자
·대입전형용 학교생활기록부 1부
학생부 온라인 제공
·교육기관(초·중·고교), 공공기관, 무인민원발급기, 인터넷 발급
미동의자 및 불가자
·원서접수 사이트에서 서류제출(PDF 업로드)
검정고시 자료
·서류제출(PDF 업로드) 불필요
온라인 제공 동의자
고등학교 졸업학력
검정고시 출신자1) 검정고시 자료
·고등학교 졸업학력 검정고시 합격증명서 1부
온라인 제공
·원서접수 사이트에서 서류제출(PDF 업로드)
미동의자 및 불가자
·국외 고등학교 졸업(예정)증명서 1부
1) ·국외 고등학교 성적증명서 1부
국외 고등학교 출신자
※ 국외 고교 출신자 제출서류 안내(P.59) 필독
·원서접수 사이트에서 서류제출(PDF 업로드)
※ 서류접수 기간 이후 학교생활기록부 수정사항 제출 시 반영하지 않음
※ 개명 또는 주민등록번호 변경으로 인하여 제출서류와 입학원서 상 인적사항이 일치하지 않는 지원자는 ‘주민등록표초본’ 1부를 제출해야 함
56 건국대학교 서울캠퍼스"
Page,57,"KU•SEOUL•CAMPUS
1) 추가 서류제출 안내
대상 제출서류 제출방법 및 기한
검정고시 및 국외 고등학교 출신자 중 [대상자만] ·원서접수 사이트에서 서류제출(PDF 업로드)
※
국내 학교생활기록부가 있는 자 대입전형용 학교생활기록부 1부 ·2024. 9. 9.(월) 10:00 ~ 9. 13.(금) 17:00
※ 학교폭력 조치사항 확인을 위하여 ‘검정고시 및 국외고 출신자’ 중 국내 고교 학교생활기록부가 있는 자는 국내 고교 학교생활기록부를
제출해야 함
나. 지원자격 서류
대상 비고
· 대한체육회 및 산하기관이 발행한 아래 증명서 중 해당 서류 제출
- 경기실적증명서 - 대표선수(후보선수) 선발확인서
- 경기출전증명(확인)서 - 우수 선수 선발확인서
- 개인성적표 - 개인 수상 확인서
개인(리그) 실적증명서
- 프로 지명 확인서
※ 고교 전체 실적 및 고교 졸업 후 모든 경기실적 포함
※ 고교 3학년 재학년도 상반기 리그 실적 포함
※ 지원자격 확인을 위해 상기 서류 이외에 기타 서류를 제출할 수 있음
8. 동점자 처리기준
순위 1단계 기준 2단계 기준
1순위 경기실적 성적 우수자
세부 포지션별 1단계 선발배수에 해당하는
2순위 면접 성적 우수자
최종 순위 동점자는 모두 합격
3순위 학생부(교과정량) 성적 우수자
2025학년도 수시모집요강 57"
Page,58,"KU•SEOUL•CAMPUS
Ⅴ-1. 제출서류 안내
1. 학력증명 서류 안내
구분 제출서류
·서류제출(PDF 업로드) 불필요
학생부 온라인 제공 ※ 대상: 2017년 2월 ~ 2025년 2월 졸업(예정)자
동의자 ※ 2 005년 2월 ~ 2016년 2월 졸업자 중 희망자의 경우 온라인 생성 신청 시스템
국내 정규 고등학교 (apply.neis.go.kr)을 통해 대입전형자료 온라인 신청 가능
졸업(예정)자
·대입전형용 학교생활기록부 1부
학생부 온라인 제공
·교육기관(초·중·고교), 공공기관, 무인민원발급기, 인터넷 발급
미동의자 및 불가자
·원서접수 사이트에서 서류제출(PDF 업로드)
·서류제출(PDF 업로드) 불필요
온라인 제공 동의자
※ 대상: 2016년 1회 ~ 2024년 1회 시험 합격자
고등학교 졸업학력 온라인 제공 ·고등학교 졸업학력 검정고시 합격증명서 1부
검정고시 출신자 미동의 및 불가자 ·원서접수 사이트에서 서류제출(PDF 업로드)
국내 고교 이수학기가 ·국내 대입전형용 학교생활기록부
※
있는 자 ·원서접수 사이트에서 서류제출(PDF 업로드)
·국외 고등학교 졸업(예정)증명서 1부
·국외 고등학교 성적증명서 1부
지원자 전체
※ 국외 고교 출신자 제출서류 안내(P.59) 필독
국외 고등학교 출신자
·원서접수 사이트에서 서류제출(PDF 업로드)
국내 고교 이수학기가 ·국내 대입전형용 학교생활기록부
※
있는 자 ·원서접수 사이트에서 서류제출(PDF 업로드)
※ 학교폭력 조치사항 확인을 위하여 ‘검정고시 및 국외고 출신자’ 중 국내 고교 학교생활기록부가 있는 자는 국내 고교 학교생활기록부를
제출해야 함
2. 전형별 추가 제출서류 안내
(P.78 서식 참고)
전형명 대상 제출서류 제출방식 제출기한
학생부종합(KU자기추천) 학교생활기록부
학교생활기록부
학생부종합(사회통합) 미보유자 원서접수 시 온라인 입력
대체 서식
학생부종합(특수교육대상자) (검정고시, 국외고)
농어촌학생 지원자격
학생부종합(사회통합) 농어촌학생 지원자 전체 본교 양식을 입학처 2024. 9. 9.(월) 10:00
확인서
~ 9. 13.(금) 17:00
홈페이지에서 내려받아
지원 모집단위의 작성 후,
기준학과 미충족자 원서접수 사이트에서
학생부종합(특성화고교졸업자) 기준학과 인정 확인서
서류제출(PDF 업로드)
2014년 이전 졸업자
58 건국대학교 서울캠퍼스"
Page,59,"KU•SEOUL•CAMPUS
3. 국외 고교 출신자 제출서류 안내
• 국 외 고등학교 졸업(예정)자 중 최종등록자는 입학 전까지 고교 졸업증명서 및 성적증명서를 아포스티유 인증 또는 학교 소재국 한국
영사관의 영사확인을 받아 제출해야 함
「 」 「
- 단 , 교육부 인가 재외 한국학교 졸업(예정)자, 원서접수 당시 졸업증명서 및 성적증명서에 아포스티유 인증 또는 영사확인을 받아
」
제출한 자는 최종등록 시 해당 서류의 원본을 제출해야 함
• 한 국어와 영어 이외의 언어로 된 모든 서류는 반드시 한국어로 번역 공증받아 제출해야 함
• 최 종등록자에 한하여 원본 확인 예정
• 외 국의 발급서류는 외국에서 재학 중 발급받은 것도 유효함
4. 최종등록자 제출서류 안내
※ 제출방법: 등기우편으로만 제출 가능(방문 제출 불가)
- 주소: (우) 05029 서울특별시 광진구 능동로 120, 건국대학교 입학정보관 입학팀 수시모집 담당자 앞
※ 아래 서류를 기한 내에 제출하지 않을 경우, 입학 이후라도 입학이 취소될 수 있음
전형 대상 제출서류 기한
·최 종등록자 중 원서접수 시
수시 전체 전형 서류를 PDF로 업로드하여 ·PDF로 업로드한 서류 전체
제출한 자
·[지원자격1]
- 주민등록표초본 ·2025. 2. 21.(금)까지
(지원자, 부, 모 기준 각 1부) ·마감일 우편소인 인정
·농 어촌학생 최종등록자 중
- 고등학교 졸업증명서
학생부종합(사회통합) 2025년 2월 졸업예정자
·[지원자격2]
(2024년 기준 고등학교 3학년)
- 주민등록표초본
(지원자 기준 1부)
- 고등학교 졸업증명서
· 국 민건강보험자격득실확인서 등
·2025. 3. 7.(금)까지
학생부종합(특성화고졸재직자) ·최 종등록자 전원 지원자격 증빙서류
·마감일 우편소인 인정
· 2025. 3. 1.(토) 이후 발급분
2025학년도 수시모집요강 59"
Page,60,"KU•SEOUL•CAMPUS
Ⅵ. 학생부위주전형 안내
1. 학생부위주전형의 평가절차
■ 다수-다단계 평가절차를 통해 평가의 공정성 및 신뢰성 확보
1단계 선발
사전단계 1단계 2단계 최종심의 최종선발
서류검토
회피·배제 시스템 서류평가
질문도출 입학전형
심의위원회
서류재평가 면접평가
블라인드 시스템
면접재심의 최종합격자 발표
서류실사
입학전형 입학사정위원회
면접실사
지원자격 심사 심의위원회
2. 학생부위주전형 서류평가
가. 대상: 학생부교과(KU지역균형) 및 학생부종합전형 전체
나. 제출서류: 학교생활기록부
구분 학교생활기록부 학교생활기록부 평가영역
학생부교과(KU지역균형) ○ 학교생활기록부 내 ‘교과학습발달상황’만 대상으로 평가
학교생활기록부 전체
학생부종합전형 전체 ○
※ 학교생활기록부 대체 서식 제출 대상자는 해당 서류로 평가
※ 평가 대상: (졸업예정자) 3학년 1학기까지, (졸업자) 3학년 2학기까지
다. 평가방법
1) KU종합평가시스템을 활용하여 전형자료를 평가요소에 따라 정성평가
2) 지원자 1인당 입학사정관 2인이 종합적으로 정성평가하고, 일정 점수 이상 차이가 나는 경우 원평가자를 제외한 입학사정관 2인이
재평가 진행
60 건국대학교 서울캠퍼스"
Page,61,"KU•SEOUL•CAMPUS
라. 평가기준
1) 서류평가 평가요소 및 배점
가) 학생부교과전형
학생부교과(KU지역균형)
구분
배점 평가항목
·학업성취도
학업역량 200점
·학업태도
·전공(계열) 관련 교과 이수 노력
진로역량 100점
·전공(계열) 관련 교과 성취도
합계 300점
나) 학생부종합전형 전체
학과(부)별 모집 KU자유전공학부*
평가요소 배점 평가항목 평가요소 배점 평가항목
·학업성취도 ·학업성취도
학업역량 300점 ·학업태도 학업역량 200점 ·학업태도
·탐구력 ·탐구력
·전공(계열) 관련 교과 이수 노력 ·자기주도성
진로역량 400점 ·전공(계열) 관련 교과 성취도 성장역량 500점 ·창의적 문제해결력
·진로 탐색 활동과 경험 ·경험의 다양성
·협업과 소통능력 ·협업과 소통능력
·나눔과 배려 ·나눔과 배려
공동체역량 300점 공동체역량 300점
·성실성과 규칙준수 ·성실성과 규칙준수
·리더십 ·리더십
합계 1,000점 합계 1,000점
*KU자유전공학부는 무전공 모집단위임
- 전형자료(학교생활기록부 등) 내용을 바탕으로 정성적·종합적으로 평가하여 점수를 부여함
- 활동의 결과보다는 준비과정 및 노력, 활동 이후의 변화 등을 중심으로 평가함
- 평가등급: 7등급
A+ A B+ B C+ C D
(매우 우수) (보통) (매우 미흡)
2025학년도 수시모집요강 61"
Page,62,"KU•SEOUL•CAMPUS
2) 평가요소 및 평가항목
평가요소 평가항목 정의
고교 교육과정에서 이수한 교과의 성취수준이나 학업 발전의 정도
- 대 학 수학에 필요한 기본 교과목(예: 국어, 수학, 영어, 사회, 과학, 한국사 등)의 교과 성적은 적절한가?
학업성취도
그 외 교과목의 교과 성적은 어느 정도인가? 유난히 소홀한 과목이 있는가?
학업역량 - 학기별/학년별 성적의 추이는 어떠한가?
학업을 수행하고 학습해 나가려는 의지와 노력
대학 교육을
충실히 학업태도 - 새로운 지식을 획득하기 위해 자기주도적으로 노력하고 있는가?
이수하는데
- 교과 수업에 적극적으로 참여해 수업 내용을 이해하려는 태도와 열정이 있는가?
필요한 수학 능력
지적 호기심을 바탕으로 사물과 현상에 대해 탐구하고, 문제를 해결하려는 노력
탐구력 - 교내활동에서 학문에 대한 열의와 지적 관심이 드러나고 있는가?
- 교과와 각종 탐구활동에서 구체적인 성과를 보이고 있는가?
고교 교육과정에서 전공(계열)에 필요한 과목을 선택하여 이수한 정도
- 전공(계열)과 관련된 과목을 적절하게 선택하고, 이수한 과목은 얼마나 되는가?
전공(계열) 관련
- 전공(계열)과 관련된 과목을 이수하기 위하여 추가적인 노력을 하였는가?
교과 이수 노력
(예: 공동교육과정, 온라인수업, 소인수과목 등)
진로역량
- 선택과목(일반/진로)은 교과목 학습단계(위계)에 따라 이수하였는가?
자신의 진로와 고교 교육과정에서 전공(계열)에 필요한 과목을 수강하고 취득한 학업성취 수준
전공(계열)에 관한 전공(계열) 관련
탐색 노력과 교과 성취도 - 전공(계열)과 관련된 과목의 성취 수준은 적절한가?
준비 정도 - 전공(계열)과 관련된 동일 교과 내 일반선택과목 대비 진로선택과목의 성취수준은 어떠한가?
자신의 진로를 탐색하는 과정에서 이루어진 활동이나 경험 및 노력 정도
진로 탐색
- 자신의 관심 분야나 흥미와 관련한 다양한 활동에 참여하여 노력한 경험이 있는가?
활동과 경험
- 교과활동이나 창의적 체험활동에서 전공(계열)에 대한 관심을 가지고 탐색한 경험이 있는가?
스스로 목표를 설정하고 적절한 전략을 선택하여 계획을 수립하고 실행하는 성향
자기주도성 - 학교생활에서 주도적으로 계획을 수립하고 이를 실행한 경험이 있는가?
성장역량 - 설정한 목표를 이루기 위하여 자신을 돌아보고 개선하려는 의지가 있는가?
창조적이고 논리적인 사고로 문제를 해결하는 능력
현재의 상황이나
창의적
수준보다 - 학교생활에서 창의적인 발상을 통해 일을 진행한 경험이 있는가?
문제해결력
질적으로 더 높은 - 학교생활에서 나타나는 문제점을 적극적으로 해결하기 위해 노력하였는가?
단계로 향상 시킬 수
있는 능력 학교교육의 다양한 영역에서 직접 겪거나 활동하면서 얻은 성장 과정 및 결과
경험의 다양성 - 학교생활을 통해 다양한 교과목을 활용하여 융합적 소양을 쌓으려고 노력하였는가?
- 자율, 동아리, 진로활동 등 교내활동을 통해 다양한 경험을 쌓았는가?
공동체의 목표를 달성하기 위해 협력하며, 구성원들과 합리적인 의사소통을 할 수 있는 능력
협업과
- 구성원들과 협력을 통하여 공동의 과제를 수행하고 완성한 경험이 있는가?
소통능력
- 타인의 의견에 공감하고 수용하는 태도를 보이며, 자신의 정보와 생각을 잘 전달하는가?
상대방을 존중하고 이해하여 원만한 관계를 형성하며, 타인을 위하여 기꺼이 나누어 주고자 하는 태도와 행동
공동체역량
나눔과 배려 - 학교생활 속에서 나눔을 실천하고 생활화한 경험이 있는가?
공동체의 - 타인을 위하여 양보하거나 배려를 실천한 구체적 경험이 있는가?
일원으로서
책임감을 바탕으로 자신의 의무를 다하고, 공동체의 기본 윤리와 원칙을 준수하는 태도
갖춰야 할
성실성과
바람직한 - 교내활동에서 자신이 맡은 역할에 최선을 다하려고 노력한 경험이 있는가?
규칙준수
사고와 행동
- 자신이 속한 공동체가 정한 규칙과 규정을 준수하고 있는가?
공동체의 목표 달성을 위해 구성원들의 상호작용을 이끌어가는 능력
리더십 - 공동체의 목표를 달성하기 위해 계획하고 실행을 주도한 경험이 있는가?
- 구성원들의 인정과 신뢰를 바탕으로 참여를 이끌어내고 조율한 경험이 있는가?
62 건국대학교 서울캠퍼스"
Page,63,"KU•SEOUL•CAMPUS
3. 학생부종합전형 면접평가
가. 대상: 학생부종합(KU자기추천, 특수교육대상자)의 1단계 합격자
나. 평가방법
1) 제출서류에 기초한 개별면접, 인성을 중심으로 학교생활 충실성을 종합평가
2) 면접대상자 중 면접결시자와 면접평가 점수가 일정 수준 이하인 경우 선발대상에서 제외
3) 면접내용: 서류 진위여부 확인 및 인성평가
「 」
※ 면접질문 예시는 입학처 홈페이지에서 KU학생부위주전형 가이드북 참고
4) 면접형식
- 면접평가자(2인) 대(對) 지원자(1인) / 개인당 10분 내외
- 블라인드 면접: 이름, 수험번호, 고교명 블라인드 처리, 면접 시 고교를 나타낼 수 있는 교복 등 착용 금지
「 」 「 」
※ 학교생활기록부 기재금지 항목 과 대입제도 공정성 강화방안 에 따른 학생부 주요항목 변경 사항에 해당하는 내용은 면접과정에서
언급할 수 없음. 해당 내용을 언급 또는 표현할 경우 평가에서 불이익을 받을 수 있음
[ ※ 학교생활기록부 기재금지 항목 ]
가. 각종 공인어학시험 참여사실과 그 성적 및 수상실적
나. 교과·비교과 관련 교외대회 참여사실과 그 성적 및 수상실적
(학교장의 참가 허락을 받아 참여한 각종 교외대회에서의 수상실적도 기재 불가)
다. 교외 기관·단체(장)등에게 수상한 교외상(표창장, 감사장, 공로상 등도 기재 불가)
라. 교내·외 인증시험 참여 사실이나 그 성적
마. 모의고사·전국연합학력평가 성적(원점수, 석차, 석차등급, 백분위 등 성적관련 내용 일체) 및 관련 교내 수상실적
바. 논문을 학회지 등에 투고 또는 등재하거나 학회 등에서 발표한 사실
사. 도서출간 사실
아. 지식재산권(특허, 실용신안, 상표 디자인) 출원 또는 등록사실
자. 어학연수, 봉사활동 등 해외 활동실적 및 관련 내용
차. 부모(친인척 포함)의 사회·경제적 지위(직종명, 직업명, 직장명, 직위명 등) 암시 내용
카. 장학생·장학금 관련 내용
타. 구체적인 특정 대학명, 기관명(기구, 단체, 조직 등 포함), 상호명, 강사명 등
파. 교내대회 참여사실과 그 성적 및 수상실적
하. 자격증 명칭 및 취득사실
「 」 「
※ 위 내용은 2024학년도 학교생활기록부 기재요령(고등학교)를 발췌한 내용으로 이하 자세한 사항은 교육부 2024학년도
」
학교생활기록부 기재요령(고등학교) 중 학교생활기록부 작성 시 유의사항 참조
「 」
[ ※ 대입제도 공정성 강화방안에 따른 학생부 주요항목 내 변경 사항 ]
가. 방과후학교 활동(수강) 내용 미기재 사. 개 인봉사활동 실적 대입 미반영(단, 학교교육계획에 따라 교사가
나. 영재·발명교육 실적 대입 미반영 지도한 실적(‘(학교)’로 등록)은 대입 반영)
다. 자율동아리 대입 미반영 아. 진로희망분야 대입 미반영
라. 청소년단체활동 미기재 자. 수상경력 대입 미반영
마. 소논문 기재 금지 차. 자격증 및 인증취득상황 미반영(국가직무능력 표준이수상황은 제공)
바. 봉사활동 특기사항 미기재 카. 독서활동 대입 미반영
2025학년도 수시모집요강 63"
Page,64,"KU•SEOUL•CAMPUS
5) 평가요소 및 평가항목
학생부종합(KU자기추천, 특수교육대상자) 전체 학생부종합(KU자기추천)
(단, KU자유전공학부 제외) KU자유전공학부
평가요소 배점 평가항목 평가요소 배점 평가항목
학업역량 300점 · 탐구력 학업역량 200점 · 탐구력
· 자기주도성
· 전공(계열) 관련 교과 이수 노력
진로역량 400점 성장역량 500점 · 창의적 문제해결력
· 진로 탐색 활동과 경험
· 경험의 다양성
· 협업과 소통능력 · 협업과 소통능력
공동체역량 300점 공동체역량 300점
· 나눔과 배려 · 나눔과 배려
합계 1,000점 합계 1,000점
- 평가등급: 5등급
A+ A B C D
(매우 우수) (보통) (매우 미흡)
64 건국대학교 서울캠퍼스"
Page,65,"KU•SEOUL•CAMPUS
Ⅶ. 학생부(교과정량) 반영방법
1. 학생부(교과정량) 반영 교과목 및 반영요소
해당 전형 반영 교과목 반영요소
학생부교과 KU지역균형
·석차등급 및 이수단위
·국어, 수학, 영어, 과학, 사회, 한국사 전 과목
사회통합 ※ 등급의 기준점수를 반영
- 석 차등급 및 이수단위가 표기된 전 과목
학생부종합 특성화고교졸업자 ※ 단 , 진로선택과목은 전 과목을
- 학년별, 교과별 가중치 없음
‘정성평가’로만 반영
특성화고졸재직자
·국어(50%), 영어(50%)
KU연기우수자 ·석차등급 및 이수단위
- 위 교과 중 석차등급 및 이수단위가 표기된
※ 등급의 기준점수를 반영
실기/실적 전 과목
※ 단 , 진로선택과목은 성취도(A·B·C) 및
※ 단 , 진로선택과목은 반영 교과 기준 성취도
KU체육특기자 이수단위
상위 3과목*
*실기/실적(KU연기우수자, KU체육특기자)전형 진로선택과목 선정 순위(최대 3과목)
선정 순위 1순위 2순위 3순위 4순위
기준 성취도 이수단위 A등급 비율 적은 과목 국어
※ 반 영 학기: (졸업예정자) 3학년 1학기까지, (졸업자) 3학년 2학기까지
※ 학 교생활기록부 반영 교과는 해당 고등학교에서 분류한 교과 분류를 따르며, 교과 분류가 본교의 반영 교과 분류 체계와 상이한 경우는
교육부의 교과 분류체계를 준용하거나 본교의 판단에 의해 반영
2. 학생부(교과정량) 성적 산출방법
• 학 생부(교과정량) 점수 산출방법
해당 전형 산출식
학생부교과 KU지역균형
사회통합 ∑ (기준점수 × 과목별 이수단위)
반영교과 전과목 이수단위의 합
학생부종합 특성화고교졸업자
특성화고졸재직자
KU연기우수자 ∑ (기준점수 × 과목별 이수단위) 교과별
실기/실적
KU체육특기자 반영교과 전과목 이수단위의 합 반영비율
※ 1 0점 만점으로 산출한 교과 성적을 전형별 반영비율에 따른 총점으로 환산
※ 전형별 반영비율에 따른 총점으로 환산 후 소수점 넷째 자리에서 반올림
2025학년도 수시모집요강 65"
Page,66,"KU•SEOUL•CAMPUS
• 기 준점수
등급 1 2 3 4 5 6 7 8 9
기준점수 10 9.97 9.94 9.9 9.86 9.8 8 6 0
- 석차등급(1~9등급)을 산출할 수 없는 경우 해당 과목을 제외
- 단, 실기/실적(KU연기우수자, KU체육특기자)전형에서 진로선택과목은 모든 반영 교과 내 성취도 상위 최대 3과목 반영(아래표 참고)
등급 A B C
기준점수 10 9.9 8
• 비 교내신 반영 기준
전형 비교 요소 적용 대상
학생부교과(KU지역균형)
학생부종합(사회통합)
· 2007년 이전(2007년 포함) 국내 정규 고교 졸업자
학생부종합(특성화고교졸업자)
학생부종합(특성화고졸재직자) 서류평가
학생부종합(사회통합) 중
· 학생부 교과 3학기 이상 학생부(교과정량) 석차등급 산출내역이 없는 자
기초생활및차상위
· 2021년 이전 졸업자
실기/실적(KU체육특기자) 경기실적 · 고등학교 졸업학력 검정고시 출신자
· 국외 고교 출신자
※ 상 기 전형 외 전형은 비교내신 미적용
66 건국대학교 서울캠퍼스"
Page,67,"KU•SEOUL•CAMPUS
Ⅷ. 지원자 유의사항
※ 지원자는 수시모집요강 및 본교 홈페이지에 게시되는 수험생 유의사항을 반드시 숙지해야 하며,
미숙지로 인한 모든 불이익의 책임은 지원자에게 있음
■ 대학입학전형기본사항 유의사항
1) 공통사항
• 대 학입학전형기본사항에서 제시하고 있는 ‘수시모집’에 해당하는 모든 전형을 대상으로 지원 가능한 횟수는 최대 6회로 제한함
(‘6회 제한’에는 재외국민과 외국인 특별전형을 포함하여 수시모집에서 시행하는 모든 전형이 해당됨(9월 입학전형 포함). 단, 부모가
모두 외국인인 외국인 전형은 지원횟수 제한 없음)
• 대 학(교육대학 포함, 산업대학·전문대학 제외)은 수시모집의 모든 전형에서 지원횟수 6회를 초과하여 지원한 학생의 전형에 대해서는
지원자격을 부여할 수 없음(지원횟수는 지원한 대학의 수와 관계없이 수시모집에서 지원한 모든 대학의 전형을 대상으로 하며, 1개의
대학에 복수 지원한 경우 각각 지원횟수로 산정함)
• 접 수된 원서의 취소는 원칙적으로 불가함(접수된 원서란 수험번호가 부여된 원서를 의미함)
• 원 서접수 시, 하나의 전형에서는 하나의 모집단위에만 지원할 수 있음
2) 복수지원 관련 사항
• 수 시모집 대학(교육대학 포함, 산업대학·전문대학 제외)에 있어서는 전형기간이 같아도 최대 6개 전형 이내에서 복수지원이 가능함
• 수 시모집 대학(산업대학, 교육대학, 전문대학 포함)의 합격자(최초합격자 및 충원합격자)는 정시모집 및 추가모집에 지원할 수 없음
• 대 학(교육대학 포함, 산업대학·전문대학 제외)은 수시모집의 모든 전형에서 6개 전형을 초과하여 지원한 자에 대해서는 접수를 인정하지
않음(재외국민과 외국인 특별전형 등 정원외 전형도 포함함. 단, 부모가 모두 외국인인 외국인 전형은 지원횟수 제한 없음)
• 대 학별 입학전형이 종료된 후, 복수지원 위반 사실이 전산자료 검색을 통해 확인될 경우 입학을 무효로 함
3) 등록
• 모 집시기별로 지원하여 입학할 학기가 같은 2개 이상의 대학(산업대학, 교육대학, 전문대학 포함)에 합격한 자는 1개의 대학에만 등록
(문서등록, 예치금 납부 등)하여야 함
• 수 시모집 합격자 등록(문서등록, 예치금 납부 등) 시 1개의 대학에만 등록하여야 하며, 다수의 대학에 등록한 자는 대입지원 위반자로
처리하여 합격을 취소할 수 있음
• 대 교협은 개별 대학으로부터 관련 자료를 제출받아 이를 검토하여 이중등록 금지를 위반한 자의 명단을 각 대학에 통보하고, 이를
통보받은 대학은 해당자의 입학을 취소함
• 대 학에 등록한 자가 타 대학에 충원합격하여 등록하고자 할 경우에는 먼저 등록한 대학에 등록 포기의사를 명확히 전달한 후, 타 대학
충원합격 대학에 등록하는 것을 원칙으로 함
• 수시모집 합격자가 충원합격자 발표기간 중 다른 대학의 충원합격 통보를 받은 경우, 차순위 수험생의 합격 기회 박탈 등 선의의 피해자
발생을 사전에 방지하기 위하여 합격자는 등록을 원하지 않는 대학에 등록 포기의사를 즉시 전달하여야 함
• 수 시모집 합격자는 수시모집 등록기간 내에만 등록 처리하며, 수시모집에서 최초합격 및 충원합격에 의해 복수의 대학에 합격한 자는
수시모집 등록기간 내에 1개 대학에만 등록하여야 함(등록이란 문서등록 또는 등록 확인 예치금을 납부한 상태를 의미함)
2025학년도 수시모집요강 67"
Page,68,"KU•SEOUL•CAMPUS
■ 본교 유의사항
1) 입학전형의 성적 및 평가내용은 공개하지 않음
2) 필수 서류 미제출자와 지원자격 미충족자는 성적에 관계없이 선발대상에서 제외
3) 접 수(수험번호 부여)가 완료된 후에는 지원사항 변경, 지원 취소 및 전형관련서류 반환이 일체 불가하며 각종 고사에 결시하였을 경우
선발대상에서 제외
4) 미등록 등의 사유로 선발하지 않은 인원은 정시모집에서 선발할 수 있음
5) 입학원서 작성 오류, 기재사항 누락, 본교에서 요구한 서류 미제출, 제출서류의 내용미비 및 기타 수험생의 과오 등으로 인한 책임은
수험생 본인에게 있으며, 추후 이에 대한 본교의 처리방법에 이의를 제기할 수 없음
6) 본 교의 모집단위 및 전공 명칭과 모집인원은 2025학년도 편제 및 정원조정에 따라 변경될 수 있으며, 수시모집에 합격하여 등록한 학생은
변경된 편제에 따라야 함
7) 지원자가 성적 석차순으로 모집인원 내에 해당하는 경우일지라도 그 성적이 본교에서 기대하는 학력수준에 현저하게 부적합하다고
판단되는 자, 대학 수학에 지장이 있다고 판단되는 자 또는 전형취지에 부합하지 않는다고 판단되는 자 등은 모집인원에 관계없이 대학
입학전형관리위원회의 결의를 거쳐 선발하지 않을 수 있음
8) 부 정한 방법으로 지원하거나 이에 협조하여 공정한 학생선발 업무를 방해한 경우, 입학 전·후를 막론하고 입학이 무효 처리되며 별도의
처벌을 받을 수 있음
① 입학사정에 사용된 전형자료에 주요사항이 누락되거나 서류위조 및 허위 또는 부정이 있다고 판단되는 경우에는 입학을 취소할 수 있음
② 위 ①항에 따라 입학이 취소되는 경우 해당자가 납부한 등록금은 반환하지 아니함. 단, 등록금을 납부한 학기가 종료되지 않은 경우에는
「 」
대학 등록금에 관한 규칙 [별표]의 반환기준에 준하여 반환함
③ 본교 및 타 대학에서 위 ①항에 따라 입학이 취소된 자는 일정 기간 동안 본교에 입학할 수 없음
9) 본교 및 타 대학에서 ‘8)’에 따라 입학이 취소된 자의 경우 입학이 취소된 날로부터 3년간 본교에 입학할 수 없음
10) 이의신청 처리기준은 본교 입학전형 이의신청 처리 지침에 따름
11) 기타 본 모집요강에 명시되지 않은 사항은 관계법령, 관련지침, 본교의 신입학 사정원칙 및 대학입학전형관리위원회의 결정에 따름
■ 온라인 자료제공
• 본 교는 제출서류 위·변조에 따른 부정행위를 방지하기 위해 지원자가 원서접수를 완료하면 학교생활기록부 등의 온라인 자료제공에
동의하는 것으로 간주(단, 지원자의 개인정보는 해당 입학전형에 활용되는 정보만을 수집하며, 수집된 정보는 본교 규정에 따라 입학 및
학사 관련 업무 이외에 다른 용도로 사용하지 않음)
68 건국대학교 서울캠퍼스"
Page,69,"KU•SEOUL•CAMPUS
Ⅸ. 전형료
1. 전형별 전형료
(※ 인터넷 원서접수 수수료가 포함된 금액임)
■ 학생부위주전형
※ 단계별 전형은 2단계 전형료를 기한 내에 미납부 시 2단계 응시자격 상실
※ 전형료 면제 대상자의 경우도 반드시 원서접수 절차를 완료해야 함
전형명 1단계 전형료 2단계 전형료
학생부교과(KU지역균형) 60,000원 -
학생부종합(KU자기추천) 50,000원 35,000원
국가보훈대상자, 기초생활및차상위 면제
학생부종합(사회통합)
농어촌학생 60,000원 -
학생부종합(특성화고교졸업자) 60,000원 -
학생부종합(특성화고졸재직자) 60,000원 -
학생부종합(특수교육대상자) 면제
■ 논술(KU논술우수자), 실기/실적(KU연기우수자, KU체육특기자)
전형명 전형료 1단계 불합격자 환불액
논술(KU논술우수자) 60,000원 -
실기/실적(KU연기우수자, KU체육특기자) 95,000원 60,000원
■ 기타 면제 대상자: 지원자 중 다음에 해당하는 경우 전형료 환불(원서접수 수수료 제외)
※ 제출기한: 2024. 9. 9.(월) 10:00 ~ 9. 13.(금) 17:00
※ 제출방법: 원서접수 시 원서접수 사이트에 해당 자격 증빙서류를 PDF 파일로 업로드
※ 면제 대상자가 해당 자격 증빙서류를 지정한 기간까지 제출하지 못한 경우에는 대상에서 제외
대상자 자격 증빙 서류
가족관계증명서 1부
(지원자 기준 / 단, 독립유공자 손자녀 중 친손의 경우 부 기준, 외손의 경우 모 기준)
국가보훈대상자
대학입학특별전형대상자증명서 1부
국민기초생활보장수급자 국민기초생활보장수급자증명서 1부(지원자 기준)
2025학년도 수시모집요강 69"
Page,70,"KU•SEOUL•CAMPUS
2. 전형료 반환
• 원 칙적으로 접수가 완료된 이후 지원을 취소할 수 없으며 전형료는 반환하지 않음
「 」
• 단 , 고등교육법시행령 제42조의3 제2항에 따라 아래의 전형료 환불기준에 해당하는 사유가 있는 경우 전형료의 전부 또는 일부를
반환하며, 환불되는 전형료는 원서접수 시 기재한 방법으로 반환
반환 사유 반환액
응시자의 착오로 과납한 경우 과납액 전액
본교의 귀책 사유 전형료 전액
천재지변으로 인하여 입학전형에 응시하지 못한 경우
전형료 전액
질병 또는 사고 등으로 의료기관에 입원하여 입학전형에 응시하지 못한 경우
※ 단, 해당 사항을 증명할 수 있는 경우만 가능
본인의 사망으로 입학전형에 응시하지 못한 경우
※ 전형료 반환 시 인터넷 원서접수 수수료는 환불되지 않음
• 상 기 기준 외 반환기준
- 상 기 반환 사유 이외 기타 부득이한 사유로 반환을 요청하는 경우에는 본교 입학처에 관련 증빙서류를 제출해야 하며, 사유가 타당하다고
인정될 경우 아래의 기준에 따라 전형료 전부 또는 일부 반환
※ 단순 변심, 전형일정 중복, 결시 등 각종 개인 사유는 반환 사유에 해당하지 않음
전형료 반환 신청 시점 반환액
원서접수 마감 이전 전형료에서 원서접수 수수료를 제외한 금액
원서접수 마감 후 일주일 이내 전형료에서 원서접수 수수료를 제외한 금액의 50%
원서접수 마감 일주일 경과 후 ~ 전형 1일 이전 전형료에서 원서접수 수수료를 제외한 금액의 25%
전형별 고사일 이후 없음
• 입 학전형 관련 수입, 지출에 따른 잔액 발생 시 반환기준
「 」 「 」
- 본 교는 고등교육법 제34조의4 제5항 및 고등교육법 시행령 제42조의3에 따라 입학전형 관련 수입·지출에 따른 잔액이 발생할 경우
응시한 사람이 납부한 입학전형료에 비례하여 반환할 예정임
- 입학전형료 반환방법은 원서접수 시 대학 직접 방문 또는 금융기관 계좌이체 중 하나를 선택
- 반 환 대상자가 금융기관의 환불계좌로 이체하는 방법을 선택하는 경우에는 반환할 금액에서 금융기관의 전산망을 이용하는데 드는
비용을 차감하고 반환함. 또한 금융기관의 전산망을 이용하는데 드는 비용이 반환할 금액 이상이면 반환하지 않음
70 건국대학교 서울캠퍼스"
Page,71,"KU•SEOUL•CAMPUS
Ⅹ. 학교생활 안내: 장학, 학사, 진로/취업, 국제교류 프로그램, 기숙사
1. 신입생 장학
■ 성적우수 장학
장학명 구분 내용
대상 학생부교과(KU지역균형) 전형점수가 본교가 정한 일정 점수 이상인 자
KU지역균형
① 전형점수 최상위자 - 4년간 수업료 전액(수의예과는 6년간)
우수장학
장학혜택 ② 전형점수 계열별(인문, 자연) 최상위자 - 2년간 수업료 전액(수의예과는 3년간)
③ 전형점수 단과대학별 상위 5% 이내인 자 - 1개 학기(첫 번째 학기) 수업료 50%
대상 학생부종합(KU자기추천) 전형점수가 본교가 정한 일정 점수 이상인 자
KU자기추천
① 전형점수 최상위자 - 4년간 수업료 전액(수의예과는 6년간)
우수장학
장학혜택 ② 전형점수 계열별(인문, 자연) 최상위자 - 2년간 수업료 전액(수의예과는 3년간)
③ 전형점수 단과대학별 상위 5% 이내인 자 - 1개 학기(첫 번째 학기) 수업료 50%
■ 기타 장학
장학명 구분 내용
예술디자인대학 실기대회 디자인 및 미술 분야 총장상 및 금상 수상자 중
대상
시상년도 포함 4년 이내 입학자
예술디자인 분야 총장상 금상
우수장학
장학혜택 디자인 수업료 2년간 전액 수업료 1년간 전액
미술 수업료 1년간 전액 수업료 1학기 전액
건국대학교 사범대학 부속중학교, 부속고등학교를 모두 졸업한 자
대상
(직전학기 12학점 이수, 평점 2.0 이상 충족 시 계속 장학생 유지)
목련장학
장학혜택 4년간 수업료 50%
2025학년도 수시모집요강 71"
Page,72,"KU•SEOUL•CAMPUS
2. 학사
■ 다전공/부전공
• 다 전공: 재학 중 제1전공 이외에 추가로 본교에 설치된 학과(전공)를 제2전공, 제3전공으로 동시에 이수하여 졸업 시 2개 이상의
학위(1개의 학위증에 복수의 학위명 표기)를 취득할 수 있는 제도
• 부 전공: 재 학 중 제1전공 이외에 학위 취득 목적이 없이 타 학과(전공)의 소정 학점을 추가로 이수하여 타 학문에 대한 이해를 넓힐 수
있는 제도(1개의 학위증에 제1전공 학위명 및 부전공 학과명 표기)
구분 내용
① 신청자격 ·3~8학기 등록(진급) 예정자(편입생 포함)
② 신청시기 ·1월, 7월(신청 및 포기기간이 동일)
③ 신청방법 ·포탈 [학사행정 → 학적 → 다전공관리 → 다(부)전공신청]
④ 선발인원 ·학과(전공)의 수용능력을 감안하여 학과(전공)별로 결정
원전공 이수학점 다전공 이수학점
다전공
36학점 이상(사범대 50학점 이상) 36학점 이상(사범대 50학점 이상)
⑤ 전공학점 이수
원전공 이수학점 부전공
부전공
54학점 이상 24학점 이상
·일 반학과 학생은 예체능계학과(단, 의상디자인학과로는 신청 가능), 수의과대학, 신산업융합학과, K뷰티산업융합학과,
⑥ 신청제한 국제대학으로 신청 불가
·사 범대 학과 다(부)전공은 원전공의 교직과정 이수예정자로 선발된 자만 신청 가능
·다 전공: 제1전공과 제2(3)전공 학위명이 함께 표기된 학위증 수여
⑦ 학위수여
·부 전공: 부전공 학과명이 표기된 원전공 학위증 수여(부전공은 학위가 수여되지 않음)
※ 전공과목: 전공기초, 전공필수, 전공선택
■ 조기졸업제도
• 학 업성취 능력이 우수한 학생이 8개 학기(4년) 이전에 졸업에 필요한 전 교과과정을 이수하고 졸업학기 단축을 희망할 때 3년간(6개
학기) 6회 이상 등록을 필한 후 1~2개 학기를 단축하여 조기졸업 가능
• 희 망자는 1, 2학년 과정을 수료하고 전 학년 성적 평점평균이 4.0 이상이어야 하며, 3학년(5학기) 개강 전 신청 가능
(일부 제외대상은 학교 홈페이지 참고)
■ 교직과정 이수
• 비 사범계 학생 중 교직이수를 희망하는 학생들에게 졸업과 동시에 교원자격증을 발급
구분 내용
① 신청대상 ·2 학년 1~2학기 등록 재학생(교직과정이 설치되어 있는 학과에 한함)
·매 년 봄학기(5월, 9월) 정해진 신청기간에 포탈(학사행정 → 교직)에서 신청 및 신청서 학과(전공)사무실 제출
② 신청방법
(5월 선발 후 잔여인원을 9월에 선발함)
·교 육부에서 승인된 인원수 내에서 1차 전형인 교직 적·인성검사와 2차 전형인 성적 + 면접전형을 실시 후(해당 학과),
③ 선발방법
교직과에서 3차 최종 면접을 실시하여 선발
·전 공과목 50학점(교과교육영역 3과목 및 기본이수과목 21학점 포함) 이상, 교직과목 22학점 이상 취득
④ 이수학점
(상세 내용은 선발 후 공지)
72 건국대학교 서울캠퍼스"
Page,73,"KU•SEOUL•CAMPUS
• 비 사범계 대학 중 교직이수 가능학과
모집단위 표시과목 모집단위 표시과목 모집단위 표시과목
첨단바이오공학부
국어국문학과 국어 건축학부(건축학전공) 건설 동물자원
(줄기세포재생공학전공)
중어중문학과 중국어 컴퓨터공학부 정보·컴퓨터 생명과학특성학과 생물
동물자원·식품과학·
철학과 철학 정치외교학과 일반사회 동물자원
유통학부(동물자원전공)
사학과 역사 경제학과 일반사회 커뮤니케이션디자인학과 디자인
의상디자인학과 의상
지리학과 지리 행정학과 일반사회
리빙디자인학과 디자인
물리학과 물리 국제무역학과 상업
영상학과 연극영화
화학과 화학 경영학과 상업
매체연기학과 연극영화
3. 진로/취업/창업 프로그램
■ KU 진로·취업·창업 교육과정 로드맵
• 진 로, 취업
1학년 2학년 3학년 4학년
구분
자기이해와 진로탐색 진로설정과 직업탐색 취업전략과 경력개발 실전 취업역량개발
기업/직무 분석 및 역량개발,
교과 CSP진로탐색 진로설계와 직업탐색 커리어설계 실습과 코칭, 면접과 PT스피치 실습,
실전 취업 특강
직무/기업분석과정, 계열별 자기소개서작성,
입사지원서 작성기초, 기업맞춤형 모의면접,
정규 KU Career Class
면접준비 기초과정, 자기소개서 1일 완성,
직무/기업분석가이드 면접 하이패스
멘토링데이 프로그램,
직무박람회,
KU Career Coaching 현직자동문선배간담회,
비
특별 직무의 발견 KU열린취업박람회,
교 Program NCS 대비준비반,
대기업 직무적성 모의검사
과 온라인 취업솔루션
KU Career Leader KU Global Career Start Vision Alignment
Program Program Program
종합
KU Junior Elite Program KU Elite Program, 취업동아리
상시 진로/취업 1:1 상담
• 현 장실습학기제
구분 3학년 4학년
현장실습 현장실습학기제
2025학년도 수시모집요강 73"
Page,74,"KU•SEOUL•CAMPUS
• 창 업
구분 창업기초 아이디어구현 창업실무 창업체험 및 사업화
Startup Base Camp, 창업의 기회, 기술창업: 지식서비스 창업기획 및 실행,
교과
청년창업과 기업가정신 비즈니스 모델 창업 금융과 투자 기술사업화 실무
학사제도 창업장학금 스타트업 인턴십 창업휴학제 드림학기제: 창업연계형
스타트업 내비게이션 디자인씽킹 워크숍 린스타트업 스테이션 수요맞춤형 BUILD-UP
교육
비 KU 창업캠프 KU 창업 경진대회 KU 창업클럽 창업 SCALE-UP
교
네트워킹 사업화 자금 투자유치
과
창업공간
실전 퍼스트 스타트업 퍼스트 스타트업 퍼스트 스타트업
KU 스타트업 존
네트워킹 데이 매니지먼트 데모데이
상시 KU 원스톱 창업멘토링
※ 프로그램 세부 내용은 건국대학교 창업지원단 홈페이지 참고(startup.konkuk.ac.kr)
■ 진로 교과목
• C SP진로탐색(1학년, 지정교양 2학점)
(1) CSP 진로탐색(Career Success Program)은 신입생의 진로설정에 도움을 주고자 개설
(2) 학과별 진로전담교수가 지정되어, 핵심역량진단검사(KUCCA) 및 진도교수 면담 병행
■ 진로·취업 대표 비교과 프로그램
• 저 학년을 위한 ‘KU Career Class’
(1) 진로 관련 심리검사를 통한 체계적인 자기이해와 진로설계 커리어로드맵 작성
(2) 자기이해 종합보고서를 통한 전공별 진로정보 탐색 및 설계
• 취 창업전략처 대표 취업 성공 프로그램 ‘KU Career Leader Program’
(1) 취업 성공을 위해 직무 역량 개발 지원과 채용 역량 향상에 중점을 둔 인재 양성 프로그램
(2) 3~4학년 대상으로 모집을 통해 30명 선발, 2학기 동안 프로그램 참여 및 혜택 제공
(3) 교육혜택: 우수참여학생 대학혁신지원사업 ‘인재개발리더장학금’ 지급 및 교육과정 비용 지원
• 4 차 산업 핵심 직무 탐색을 위한 ‘직무의 발견’
(1) 4 차 산업 관련 분야 실제 현직자의 직무경험 공유를 통해 재학생의 사회 진출 대비 미래 유망 직무(산업)에 대한 실질적 진로·취업
정보 제공
(2) 핵심 직무 재직 졸업동문 혹은 주요기업 현직자를 초청하여 직무 특강 및 토크쇼 진행
(3) 재학생의 폭넓은 진로 탐색 및 진로 설정 지원 및 취업 동기부여
• 하 계/동계방학 취업 집중 교육 ‘Elite Program’
(1) 3, 4학년생 중 우수한 학생을 선발, 체계적인 취업강좌와 양질의 특강을 제공
(2) 희망분야별 직무/업종/기업 분석을 통한 기업 예비 주체로서 역량 극대화
(3) 타 대학과의 차별화된 취업역량강화 프로그램 이수를 통한 자부심과 애교심 고취
■ 진로 및 취업 상담 프로그램
• 취 업전문상담 컨설턴트 ‘취업지원관’ 상담
(1) 본 인의 흥미와 적성을 발견하고 대학생활 초기부터 체계적으로 진로를 설정하고자 할 때, 교내에 상주하고 있는 취업지원관과의
전문상담 진행
(2) 진로 탐색을 위한 심리검사 실시 및 해석 및 각종 실전 취업역량 강화
(3) 연중 수시로 위인전을 통한 상담신청: 위인전 → 상담 → 취업진로상담 → 상담일정 → 상담신청
74 건국대학교 서울캠퍼스"
Page,75,"KU•SEOUL•CAMPUS
■ 멘토링 프로그램
• 멘 토래담서비스
(1) 온라인으로 상시 진행하는 동문선배 멘토링
(2) 진로 및 취업에 대한 궁금증을 멘토에게 남기면 멘토가 댓글을 달아주는 서비스
• 멘 토링데이 프로그램
(1) 현직 동문 선배를 초청하여 진행하는 온·오프라인 멘토링
(2) 진행 방식은 특강, 일대일 상담 등 상황에 따라 유연하게 운영
• 현 직자 동문선배 간담회 ‘Mentor來談’
(1) 2학기에 진행하는 현직 동문 선배와의 소그룹 멘토링
(2) 약 3주간 진행하는 오프라인 멘토링 프로그램으로, 선배들의 대학생활, 취업준비, 직무 및 기업 소개 등을 통해 진로 탐색 및 취업
준비에 실질적 도움을 받을 수 있음
■ 현장실습학기제
• 현 장실습학기제
(1) 학교 밖으로 연장된 경험학습을 위한 수업방법으로 3, 4학년 재학 중에 본인 전공과 적성에 맞는 기업체에서 현장실습을 통해
학점인정을 받고 기업실무 역량을 키우는 프로그램
(2) 실습시기
구분 실습시기 학점인정 학기
1학기(3월~6월)
학기 중 해당 정규학기
2학기(9월~12월)
하계방학(7월~8월)
방학 중 해당 계절학기
동계방학(1월~2월)
■ 창업 대표 비교과 프로그램
• 창 업의 A부터 Z까지! 창업의 길을 알려주는 ‘스타트업 내비게이션’
(1) 창업에 대한 인식 및 관심도 제고를 위한 창업입문 프로그램
(2) 창업기초역량 교육, 창업 인프라 탐방, 1:1 멘토링, 창업 프로세스 교육 실시
• 상 상했던 아이디어를 실제로 구현해 볼 수 있는 기회 ‘KU 창업 경진대회’
(1) 우수 기술 및 아이디어를 보유한 학생들에게 성공적인 창업기회 제공
(2) 창업 아이템을 실제로 구현해보고자 하는 학부생(개인 또는 팀)을 대상으로 서류·발표평가 진행, 상장 및 상금 수여, 창업지원단
창업사업화 프로그램 연계를 통한 후속지원
• 본 격적인 창업을 위해서는 실무능력 함양이 필수! ‘KU 창업클럽’
(1) 우수한 창업 아이디어를 보유한 대학 내 (예비)창업팀을 발굴·육성
(2) 아이템 개발비, 소비자반응조사, 창업팀 활동 공간, 선후배 학생 창업팀 네트워킹, 팀빌딩 지원
• 학 생 창업기업의 스케일업 지원을 위한 프로그램 ‘창업 SCALE-UP’
(1) 초기창업기업의 스케일업을 위한 수요 맞춤형 기업지원 프로그램 운영
(2) 기업대상 수요조사 실시 후 기업별 맞춤형 프로그램 운영(투자, 브랜딩, 시험인증, 마케팅, 법률, 해외진출 등)
2025학년도 수시모집요강 75"
Page,76,"KU•SEOUL•CAMPUS
4. 국제교류 프로그램
■ 정규학기 프로그램
프로그램 내용
·본 교 학위 수여 규정 및 본교와 복수학위 협정을 체결한 자매대학의 학위 수여 규정을 모두 충족시킨 후,
본교와 자매대학 학위를 모두 수여 받는 프로그램
복수학위 프로그램 (1) 미국 The State University of New York, Stony Brook (SBU)
(Double-Degree (2) 미국 Illinois Institute of Technology
Program) (3) 중국 Nanjing University (남경대학)
·본교 수업료 및 파견된 해외대학 수업료 동시 납부(국제화장학금 지급)
·학과에 따라 지원 가능 대학 상이
교환학생 프로그램 ·본 교와 교류협정을 체결한 미주, 유럽, 아시아 등 전 세계 자매대학에 상호교환의 조건으로 1~2개 학기 간 파견되어
(Exchange Student 취득한 학점을 본교 학점으로 인정받는 프로그램
Program) ·파견된 해외대학 수업료 면제
파견학생 프로그램 ·본 교와 학생교류 협정을 체결한 자매대학에 1~2개 학기 간 파견되어 취득한 학점을 본교 학점으로 인정받는
(Visiting Student 프로그램
Program) ·본교 수업료 및 파견된 해외대학 수업료 동시 납부(국제화장학금 지급)
어학정규 프로그램 ·본 교와 학생교류 협정을 체결한 자매대학에 1개 학기 간 파견되어 어학과정 및 정규과정을 이수하는 프로그램으로
(Language+Study 취득한 학점 일부를 본교 학점으로 인정받는 프로그램
Program) ·파견된 해외대학 수업료 면제
■ 계절학기 프로그램
프로그램 내용
·본 교와 학생교류 협정을 체결한 자매대학, 지정대학 및 지정기관에서 방학 기간(하계, 동계) 동안 상대교 계절학기,
국제단기 프로그램
단기 프로그램(수업, 어학, 문화체험 등) 및 지정기관 인턴십에 참가 및 수료 후, 이를 본교 학점으로 인정받는
(Short-Term
프로그램
Program)
·본교 계절학기 수업료 및 파견된 해외대학 프로그램 비용 동시 납부(국제화장학금 지급)
■ 프로그램 특·장점
• 파 견기간
- 복수학위 프로그램: 4개 학기 / 교환(파견)학생 프로그램: 6개월 ~ 1년 / 국제단기 프로그램: 하계 및 동계방학 기간 중
• 학 점인정: 위 파견 프로그램에서 이수한 학점을 본교 학점으로 인정
• 국 제단기 파견 프로그램: 횟수 제한 없이 참여 가능
• 이 중 장학금 혜택이 가능한 국제화장학금: 상황에 따라 학생이 납부한 학기 등록금보다 많은 액수의 장학금을 받을 수 있음
• 해 외 파견 프로그램의 다양성과 실효성: 어학과정, 문화체험, 인턴십, 본과수업 등 학생들의 어학실력과 취업적응력에 눈높이를 맞춘
프로그램
76 건국대학교 서울캠퍼스"
Page,77,"KU•SEOUL•CAMPUS
5. 쿨하우스(기숙사) 안내
■ 모집인원
• 신 입생(수시, 정시 합계) 모집인원은 약 800명으로 학부생 모집정원의 약 40%를 신입생에게 배정
■ 기숙사비(2024학년도 기준, 급식비 별도)
• 신 입생의 경우 입학 첫 학기에는 2인실만 신청 가능
기숙사비(2인실)
구분 보증금
비전홀, 프론티어홀, 드림홀 레이크홀 비고
학기 중 100,000 1,562,000 1,776,000
※ 매 학기 학사일정에 따른 입주일
변동으로 차이가 있을 수 있음
6개월 100,000 2,364,000 2,687,000
■ 입사 신청자격
• 건 국대학교 재학생이면 신청 가능. 다만 학적상태가 재학상태일 경우만 신청 가능하며, 휴학생 등 재학상태가 아닐 경우 신청 불가
■ 선발기준
• ‘ 입학성적’과 부모님 거주지에 따른 ‘원거리 지역점수’의 합산으로 선발
■ 신청방법
• 쿨 하우스 홈페이지(kulhouse.konkuk.ac.kr) 메인화면 우측 “입사 신청”을 통하여 신청
■ 모집일정
• 2 025년 1월초 예정
■ 시설 및 기타 사항
• 캠 퍼스 라운지, 열람실 등 공동 자율학습 공간, 대형 헬스클럽, 구내식당, 편의점, 빨래방, 스낵코너 등 편의시설, 옥외광장, 산책로
2025학년도 수시모집요강 77"
Page,78,"KU•SEOUL•CAMPUS
78 건국대학교 서울캠퍼스
」
「
)자유보미
부생학(형전합종부생학
집모시수
도년학5202
안방화강
성정공 도제입대
과※목항
는없 수 할재기 에부록기활생교학
교학등고 는에식서 체대 부록기활생교학
.5
※
의동활
외교
큰 이인요발유 육교사
등 수연학어 ,고없 수 할성작 은항사
경변 내 목항요주 부생학 른따 에).82.11.9102(
.다니합지금
을성작 ,니으있
수
을받 을익이불 서에가평 우경
을았않 지하수준 를이 .다니됩한제 이성작
도에우경
식서
체대
부록기활생교학
]목항 지금재기 부록기활생교학
※[
출제
여하성작
만)외제
교학국한
외재
가인 부육교(자)정예(업졸
교고
외국
와자신출
시고정검
※
적실상수
및 적성 그 과실사여참 험시학어인공 종각
.가
적실상수 및 적성
그 과실사여참 회대외교 련관 과교비·과교
.나
)가불
재기
도적실상수 의서에회대외교
종각 한여참 아받 을락허 가참 의장교학(
명형전
)가불
재기
도등 상로공 ,장사감 ,장창표(상외교
한상수 게에등)장(체단·관기 외교
.다
자원지
적성 그 나이실사 여참 험시증인 외·내교
.라
호번험수
)공전/과학/부학(
위단집모
보정
및
)체일 용내 련관적성
등 위분백 ,급등차석 ,차석
,수점원(적성 가평력학합연국전·사고의모
.마
일월년생
명성
적실상수 내교 련관
실사 한표발 서에등 회학
나거하재등 는또 고투 에등 지회학 을문논
.바
실사 간출서도
.사
실사록등 는또 원출
)인자디 표상 ,안신용실 ,허특(권산재식지
.아
시고정검
일
월
년
:일격합
:역지격합
자신출
용내 련관
및 적실동활 외해 등 동활사봉 ,수연학어
.자
용내 시암
)등
명위직 ,명장직 ,명업직 ,명종직(위지
적제경·회사 의)함포 척인친(모부
.차
일 월
년
:일)정예(업졸
일 월
년
:일학입
:가국재소
용내 련관 금학장·생학장
.카
①
등 명사강
,명호상 ,)함포 등 직조
,체단 ,구기(명관기 ,명학대 정특 인적체구
.타
:명교학
교고 외국
보정력학
적실상수 및 적성 그 과실사여참 회대내교
.파
일
월
년
:일출전
일 월
년
:일학입
:가국재소
자신출
)시표
에분부
당해
※(
②
실사득취 및 칭명 증격자
.하
:명교학
」
「
근최 ※(
은 조항 참
사 항
한 사세
의자 유 하 시 이 성 로 작 으 부용
록내 기
한 활췌 생발 교 학를 중)교 」 )학 교등 학고 등( 고령 (요 령재 요기
재 부 기 록 부기 록활 기생 활교 생학 교 도 학 년 도학 년4 학20 42 20 은 2「 용 부내 육
위 교
※
일
월
년
:일출전
일 월
년
:일학입
:가 :국 명재 교소 학
③
)성작 로으순
] 항사의유
성작
[
」
「
] 항사 경변
내
목항요주 부생학 른따 에안방화강
성정공 도제입대 ※ [
.다니합성작
이인본
여하초기
에실사 시드반
,로므이료자형전
한요중 는류서
당해
.1
가사교
라따
에획계육교교학
,단(영반미
입대 적실 동활사봉인개
.사 재기미 용내 )강수(동활 교학후과방
.가
.다니합
야여하조협
극적
는자원지 우경
할청요
을인확 실사
한대 에항사
된술기
.2
)영반
입대
은)록등 로’)교학(‘(적실 한도지
영반미 입대 적실 육교명발·재영
.나
.다니습있
수 될소취
이학입
도라후이
격합 며되리처
격합불
,우경 될견발
이등
실사 한정부
타기 ,재기
실사위허
.3
영반미 입대 야분망희로진
.아 영반미 입대 리아동율자
.다
.다니습있
수
을받
을익이불
서에가평류서
우경 할재기
을적실상수
외교 한대
에과교
어국외·학과·학수
및 적성학어인공
.4
영반미 입대 력경상수
.자 재기미 동활체단년소청
.라
적성학어인공
.가
)공제
은황상수이준표
력능무직가국(영반미
황상득취증인 및 증격자
.차 지금 재기 문논소
.마
,)LFROT(어아시러
,)DSD
,HSD ,FADTSET
,DZ(어일독
,)FLAD ,FLED(어스랑프
,)TPLJ
,TPJ(어본일
,)KSH(어국중
,)SPET ,LFEOT
,CIEOT(어영
영반미 입대 동활서독
.카 재기미 항사기특 동활사봉
.바
등
정검격자자한
,험시증인수급자한
,검한무상
MBY
,정검격자수급자한
,자한용실
,정검력능자한
,험시자한소의회공상
,)ELED(어인페스
적실상수
외교
한대 에과교
어국외·학과·학수
.나
등 )OMI(드아피림올학수제국
,)TfoT(트먼너토학수제국
항대시도
,회대시경 학수의창
인라온
,)CMK(험시증인학수국한
,)OMK(드아피림올학수국한
학수
)등 명위직
,명장직
,명업직 ,명종직(위지
적제경‧적회사 한함포
을명실 의)함포 척인친(모부 ,교고신출 ,명성
자원지
.6
,)OAK(드아피림올문천국한
,)OBK(드아피림올물생국한
,)OHCK(드아피림올학화국한
,)OHPK(드아피림올리물국한
.다니합지금
을성작 니으있 수 을받
을익이불 에가평 ,우경 할재기 을용내 는하시암
을
,드아피림올학과구지제국
,드아피림올리물제국
,드아피림올학과보정국전
,드아피림올학과뇌국한
,)OSEK(드아피림올학과구지국한
학과
등 드아피림올학과등중국한
,드아피림올문천제국
,드아피림올물생제국
,회대기쓰글어영제국
CWEI
,회대어영제국
TEI ,회대시경
)어인페스
,어아시러
,어일독
,어스랑프 ,어본일
,어국중
,어영(어국외
고중초 국전
어국외
등
회대술논어영제국
,회대기하말어영국전
CEFIS
,회대연경
어영 십더리
벌로글
외 교학
된시명
이명과교
)등
어영(어국외·)문천
,학과구지
,물생
,학화
,리물(학과·학수
에칭명
회대 ,도에외
목항 된거열
서에위
※
음있 수
을받
을익이불 우경
을했성작
을적실상수
의)등
드아피림올
,회대시경(회대
종각
시 성작
도라이적실상수
외교
은받 을락허
가참
의장교학
,며하미의
을적실상수
회대 한최개
이관기
외 교학
란이’적실상수
외교‘
※
음있
수 을받
을익이불
[부록] 제출서류 서식"
Page,79,"KU•SEOUL•CAMPUS
2025학년도 수시모집요강 79
)자유보미
부생학(형전합종부생학
집모시수
도년학5202
]법방성작
식서
체대
부록기활생교학[
기시
한여참
에동활
중
간기
는하준
에간기학재
교학등고
전이 격합
시고정검
:간기동활
.1
기시
한여참
에동활
중
간기학재 교학등고
외국
)수필
인확
용내
한제
의항사의유
성작
※(동활
는하준
에용내
부록기활생교학
교학등고
:용내동활
.2
)자003
대최 별목항(성작
을동활
의개5
대최 ,씩개
한
에번연
각
:량분
.3
)공전/과학/부학(
위단집모
보정
자원지
호번험수
관기)행발(동활
용내동활
자일동활
번연
)일 월 년 ~
일 월
년
(
. . . ~
.
.
.
1
. . . ~
.
.
.
2
. . . ~
.
.
.
3
. . . ~
.
.
.
4
. . . ~
.
.
.
5
는서해대
에치조
른따
에반위
항사당해
,며으했지숙
을’항사의유
성작‘
식서 체대
부록기활생교학
은인본

)
:의동
(
.다니습겠않
지하기제
를의이
일
월
9
년4202
)인(
: 자
원
지
하귀
장총
교학대국건
.다니합출제
여하성작
로으인라온
에내 간기력입
후
수접서원
,로으용고참
은식서
본
※"
Page,80,"KU•SEOUL•CAMPUS
80 건국대학교 서울캠퍼스
생학촌어농
- )합통회사(합종부생학
집모시수
도년학5202
)자업졸교고화성특(합종부생학
집모시수
도년학5202
서인확
격자원지
생학촌어농
서인확
정인
과학준기
호번험수
)공전/과학/부학(
위단집모
)공전/과학/부학(
위단집모
자원지
호번험수
명성
보정
보정
자원지
호번험수
명성
사교임담
처락연
교학
명성
보정
]자수이
정과육교
전
교학등고‧중 :1 격자원지[
을정과육교
전 교학등고·중
의지재소
촌어농
지까일업졸
교학등고
터부일학입
교학중
간기학재
정과과교
명교고
교고신출
자
한주거
에지재소
촌어농
두모
모·부
및
인본
안동 간기
당해 ,고하수이 여하속연
.
.
.
~
. .
.
격자원지
공전
교학등고
및
]자수이
정과육교
전 교학등고‧중‧초
:2 격자원지[
)시표
에격자
당해
※(
.
.
.
~
. .
.
간기학재
공전
교학등고
교학등고·중·초
의지재소
촌어농
지까일업졸
교학등고
터부일학입 교학등초
자
한주거
에지재소
촌어농
이인본
안동
간기당해
,고하수이
여하속연 을정과육교
전
.다니랍바
기시하성작
여하준
에과교문전
된련관
와위단집모
당해
※
)소 성작주
지교 까학 소주
중 세상
간 하기
이학 면/재 읍(
)일간
월기 학 년 재 ~ 일 자
월원 년지 (
명교학
분구
위단수이
명목과교
열계과교
기학/년학
위단수이
명목과교
열계과교
기학/년학
)구(군
)시(도
.
.
. ~
. . .
)면(읍
보정
교학등초
)구(군
)시(도
.
.
. ~
. . .
)성작
만자상대(
자원지
)면(읍
과학준기 부여족충
)구(군
)시(도
.
.
. ~
. . .
거근단판
)면(읍
보정
교학중
)구(군
)시(도
.
.
. ~
. . .
계합
)면(읍
)구(군
)시(도
.
.
. ~
. . .
)내이
자005
함포
기쓰어띄(거근단판
부여
족충
과학준기
의자원지
※
)면(읍
보정
교학등고
)구(군
)시(도
.
.
. ~
. . .
하천추
여하정인
을함족충
에과학준기
한시제
서에위단집모
원지
가과학
한수이
서에교학등고
가자원지
는]서인확
정인
과학준기[
.1
)면(읍
.다니합출제
만에우경
는않
지하치일
와과학준기
별위단집모
가과학준기
한정설
서에교학등고
.다니입류서
는
.오시십주
해성작 로소주번지
닌아
가소주
명로도 는소주
교학
.1
분구
의목과교
문전 한수이
로별년학
,여하인확
를지는였하수이
상이
위단03
로과교
문전
된련관
와위단집모
당해
서에교학등고
.2
 ) ( 교학대국건
1
동양화
구진광
시별특울서
)예
.다니랍바
기시주해성작
를위단수이
및
)열계(
× ) ( 교학대국건
021
로동능
구진광
시별특울서
.다니합
로으준기
을일감마
수접서원
은간기학재
과간기수이
정과육교
전
의자정예업졸
※
.다니랍바
기시주
여하입기
두모 를교학신출
,우경 을있
이)등
학전(동변
의항사적재
중
간기학재
.2
,자전·기전
,류의·유섬
,업공학화
,료재
,계기 ,설건
,리조
식음
,저레·광관·용미
,츠텐콘
화문·인자디
,지복·건보
,융금·영경
은열계과교
.3
.오시십주 해성작
만자원지
]2
격자원지[
는보정
교학등초
.3
.오시십하성작
여하분구
로으등
항운
박선
,양해
산수·림농
,전안·경환
,예공·판출·쇄인
,공가
품식
,신통·보정
.오시십주
해재기
만소주
의후이 경변 ,우경
의경변
명소주
한인
로으경변
역구정행
.4
,서로자)정예(업졸
한수이
을정과육교
전
여하학입
에교학등고화성특
는자원지
위
.다니합인확
을음없
이상이
에용내
기상
한련관 과격자원지
는교본
와자원지
.다니합인확
를이
에기였하수이
상이
위단03
를과교문전
된련관
와위단집모
원지
일
월 9
년4202
일
월
9
년4202
인직
장교학등고
: 자 인 확
)인(
: 자
원
지
인직
장교학등고
: 자
인 확
하귀
장총 교학대국건
하귀
장총
교학대국건"
Page,81,"KU•GLOCAL•CAMPUS
2025학년도 수시모집요강 143"
Page,82,"KU•GLOCAL•CAMPUS
청춘!
미래를 향한
첫걸음,
건국이 함께합니다.
2025학년도 건국대학교 수시모집요강
서울캠퍼스 www.konkuk.ac.kr 글로컬캠퍼스 www.kku.ac.kr
(우) 05029 서울특별시 광진구 능동로 120 (우) 27478 충청북도 충주시 충원대로 268
입학팀 TEL 02.450.0007 FAX 02.450.0077 입학팀 TEL 043.840.3000 FAX 043.840.3001
입학처 홈페이지 enter.konkuk.ac.kr 입학처 홈페이지 enter.kku.ac.kr
144 건국대학교 글로컬캠퍼스"
